n,id,artist_name,name,duration_ms,album_name,track_number,release_date,total_tracks,danceability,energy,key,loudness,mode,speechiness,acousticness,instrumentalness,liveness,valence,tempo,time_signature
0,05j4VSG0fxZHI7MB3mMyVO,Martin Kohlstedt,PAN,231804,FLUR,4,27 11 2020,10,0.445,0.0793,1,-20.946,1,0.0437,0.981,0.918,0.121,0.124,122.748,4
1,1w1vmGM5nzNsQviR9dC4Sc,RIOPY,Ukiyo,235106,Tree of Light,2,27 09 2019,10,0.439,0.0561,9,-23.791,0,0.0466,0.99,0.909,0.0695,0.105,159.984,4
2,5IGgao0v41y7F5gHV62we3,Carlos Cipa,I wanted you to know (Munich Session),285000,I wanted you to know (Munich Session),1,2 04 2021,1,0.182,0.00649,9,-31.883,0,0.0422,0.98,0.884,0.107,0.04,180.323,3
3,7IeV6GcNaCfuYR8LXF3rko,Frédéric Chopin,"Chopin: Nocturne No. 2 in E-Flat Major, Op. 9 No. 2",292706,Chopin: Nocturnes [Complete],2,1992,21,0.428,0.0299,3,-25.039,1,0.0417,0.99,0.918,0.145,0.0906,99.41,3
4,08nsrwYHcNROgOxu0JDUbk,RIOPY,Wyden Down,207373,RIOPY,12,2 02 2018,16,0.149,0.323,6,-19.446,0,0.03,0.85,0.91,0.117,0.342,89.453,4
5,3GvMzPN2yMqbmhuyyw8bxh,John Williams,"The Force Theme (From ""Star Wars"")",108109,"The Force Theme (From ""Star Wars"")",1,29 04 2022,1,0.348,0.0667,8,-25.518,1,0.0489,0.99,0.923,0.121,0.067,69.3,3
6,4LG4yhKa69RTG4HcNAkxrp,Johann Sebastian Bach,"Bach, JS: Well-Tempered Clavier, Book 2, Prelude and Fugue No. 17 in A-Flat Major, BWV 886: I. Prelude",212346,"Bach: Well-Tempered Clavier, Book 2 (Excerpts)",5,29 01 2021,24,0.262,0.13,8,-27.225,1,0.0367,0.993,0.889,0.113,0.445,135.803,4
7,4Y0sakC0g6TBWV4oPN3Z46,RIOPY,Peace of Mind,262506,Tree of Light,7,27 09 2019,10,0.483,0.0274,6,-24.966,1,0.0493,0.971,0.944,0.101,0.217,160.584,4
8,2UvpD4YYxCi27MlwDy1kvs,Dalal,Einaudi: I giorni,418538,Einaudi: I giorni,5,21 09 2018,5,0.458,0.119,2,-23.452,1,0.0542,0.989,0.91,0.0935,0.0714,114.58,3
9,1SV2skQUQ6KtOa0Bp2xx4V,Franz Liszt,"Liszt: Wiegenlied, S. 198",189500,Good Night!,2,9 10 2020,16,0.283,0.0339,9,-26.349,0,0.0467,0.994,0.942,0.1,0.0701,61.847,4
10,1GVXbkQGidWl3obKyq51b2,RIOPY,Drive,305053,RIOPY,16,2 02 2018,16,0.298,0.48,8,-13.357,1,0.0316,0.649,0.785,0.0964,0.417,94.209,4
11,4x1gLAQRMEBO0es7lwt8wp,Annelie,Shimmer,213840,Shimmer,1,22 04 2022,1,0.253,0.017,6,-28.196,0,0.046,0.987,0.903,0.0789,0.0874,72.34,4
12,2l0sArPr59e2BwbI1YCDFA,Fred again..,Kahan (Mallaig Station),214500,Actual Life 2 Piano EP (February 2 - October 15 2021),2,27 04 2022,5,0.304,0.0262,4,-18.442,0,0.0504,0.994,0.949,0.0874,0.136,184.684,4
13,3cTX97kSfqIs9U68fOjIEB,Franz Schubert,"Schubert: 4 Impromptus, Op. 90, D. 899: No. 3 in G-Flat Major",342306,"Schubert: 4 Impromptus, D. 899 & 6 Moments musicaux",3,22 10 2021,14,0.171,0.0292,6,-28.52,1,0.0393,0.994,0.91,0.109,0.064,70.508,4
14,4opgRBGGDePBULgTfwu0Xn,RIOPY,Flo,232893,Tree of Light,3,27 09 2019,10,0.5,0.0516,8,-24.682,1,0.0545,0.986,0.901,0.136,0.0848,80.008,4
15,750Jl3yiwbpx0HgF2hjGH5,Michiel Borstlap,Bloem / Λουλούδι / Virág,106506,Bloem / Λουλούδι / Virág,1,13 05 2022,1,0.375,0.0306,7,-26.635,0,0.0429,0.995,0.947,0.0825,0.243,129.875,1
16,6el6nmJAaMyP0HWzwTG4Lk,Pink Swan,Rivers,184412,Rivers,1,13 05 2022,1,0.246,0.389,3,-18.679,0,0.0369,0.945,0.931,0.139,0.374,125.774,4
17,3XNMROue0Yj6tKsdWCMO5R,Stefan Truyman,A Waltz of Shades,152000,A Waltz of Shades,1,13 05 2022,1,0.502,0.107,9,-19.764,0,0.0449,0.994,0.943,0.0627,0.148,106.585,3
18,5ipMiNXR4MATOx8pqCQpFo,Martin Kohlstedt,LUN,197335,FLUR,1,27 11 2020,10,0.495,0.0618,1,-27.296,0,0.033,0.975,0.424,0.233,0.227,89.784,4
19,32ibv7o7vkePZczHP0hns8,Adelio,Bona Fide,117639,Bona Fide,1,13 05 2022,1,0.61,0.182,3,-23.049,0,0.0291,0.973,0.941,0.103,0.217,139.909,4
20,5TjyG1wvTNosEsJHVNQlkH,Zeevonk,Nocturnal,232597,Nocturnal,1,13 05 2022,1,0.329,0.0477,5,-25.055,1,0.0409,0.991,0.88,0.0987,0.256,74.869,4
21,7yB0uTtiY9jrTMzWpbnn1r,RIOPY,New World,227466,Tree of Light,10,27 09 2019,10,0.467,0.201,8,-22.06,0,0.033,0.937,0.899,0.12,0.205,80.092,4
22,2SAWmuxjgrZROmmLssV3OV,Coen Molenaar,Le Printemps du Coeur- L'Amour,116048,Le Printemps du Coeur,2,13 05 2022,8,0.476,0.0251,3,-25.981,1,0.0535,0.993,0.956,0.107,0.156,89.414,4
23,2oQ9cSikCRzxTkynfJ3jnL,Lisa Kriegler,Two as One,133027,Two as One,1,13 05 2022,1,0.38,0.0166,6,-27.845,1,0.0414,0.986,0.939,0.114,0.146,133.351,4
24,2aIdaLsNYCydow1Xsa5pB5,Louis Mercier,Illume,122427,Illume,1,13 05 2022,1,0.548,0.0193,2,-28.832,0,0.0395,0.994,0.946,0.105,0.14,106.15,4
25,6RChjiNELK7NBDxVpyErZM,Christian Janssen,Cycling home,106068,Cycling home,1,13 05 2022,1,0.2,0.0175,11,-30.656,0,0.0365,0.992,0.899,0.0925,0.121,177.875,3
26,7jzXdYGxNfTVlkPyqJHOfs,Rêve,Feather'd Lady,233077,Feather'd Lady,1,13 05 2022,1,0.311,0.118,5,-21.622,0,0.0325,0.978,0.914,0.0894,0.255,109.937,4
27,0ithuYRGpCB17tJgBBUXjX,San Fiore,I sea a rainbow,162266,I sea a rainbow,1,13 05 2022,1,0.538,0.0638,4,-23.974,1,0.0387,0.994,0.918,0.113,0.226,94.703,3
28,5SMSZLSkuUB614luAe4Rij,Bart Sunshine,Good Night,129250,Good Night,1,13 05 2022,1,0.401,0.0514,3,-24.01,1,0.0763,0.992,0.933,0.113,0.351,145.78,4
29,3VL8kSvQyNlXUF21iWOixZ,YARA,Holland,170537,Holland,1,22 04 2022,1,0.355,0.0681,8,-21.302,0,0.0351,0.989,0.882,0.113,0.413,80.955,4
30,2sJXcqcwzfGubwNB4trEmS,BARTH.,in the quiet,240173,in the quiet,1,22 04 2022,4,0.62,0.00931,5,-28.148,0,0.0413,0.995,0.882,0.0776,0.0382,105.902,4
31,3gpMt5tYAe2kytzI02ONZO,Jacco Wynia,Come old come new,196718,Come old come new,1,22 04 2022,1,0.508,0.163,11,-22.607,0,0.0324,0.966,0.923,0.13,0.173,93.705,4
32,5I459peUCuUHbqTOapb5uU,I TRAVEL LIGHT,Because It's There,195163,Because It's There,1,22 04 2022,1,0.538,0.135,6,-23.131,1,0.0843,0.994,0.96,0.0924,0.291,119.058,3
33,4qY01pTRNtpqB9vAYXipiy,Eric D. Lawrence,Coastal,139661,Coastal,1,22 04 2022,1,0.197,0.215,11,-25.242,0,0.0425,0.949,0.952,0.1,0.593,90.814,4
34,5nyd4WrUx1MskeakskoKyj,Eduardo Gutiérrez,Fragilidades,171307,Fragilidades,1,22 04 2022,1,0.39,0.0582,7,-27.94,0,0.0521,0.991,0.908,0.15,0.0898,79.978,4
35,1eFTk2KtTkPQ4AQdOmXgrE,Sarko,Mystique,156781,Mystique,1,22 04 2022,1,0.522,0.268,5,-15.831,1,0.036,0.941,0.915,0.108,0.392,130.169,4
36,0hPjoXFFGhy003ZXy0TdP7,Christian Janssen,Luminous,176941,Luminous,1,22 04 2022,1,0.353,0.0382,1,-24.623,1,0.032,0.988,0.915,0.12,0.175,92.117,4
37,5u9JNEUu3cDgH6MkhveTCX,Nölck,Chateau,190258,Chateau,1,22 04 2022,1,0.443,0.0591,9,-25.971,1,0.0345,0.982,0.905,0.115,0.144,71.634,4
38,3wEwBynZkZWhJ55258ZpZf,Tom Van de Venne,Nordic Shores,254208,Nordic Shores,1,22 04 2022,1,0.425,0.334,4,-17.323,1,0.0476,0.964,0.93,0.107,0.208,79.929,4
39,65KofvKMxqTaio3ZeoOmke,Lisa Kriegler,Dandelion,146123,Dandelion,1,29 04 2022,1,0.346,0.0472,9,-24.145,1,0.0555,0.993,0.772,0.105,0.184,204.361,4
40,14CnGnHVi8mEysyx4rmYdR,Christian Janssen,Dewdrops,140202,Dewdrops,1,29 04 2022,1,0.374,0.0706,5,-23.939,0,0.0289,0.989,0.963,0.109,0.106,102.326,3
41,4uacXWZUzM0zOzC4e99FUa,Kalas,Idelig,166581,Idelig,1,29 04 2022,1,0.214,0.0696,10,-27.704,0,0.0715,0.99,0.907,0.367,0.279,51.348,4
42,2fn7doAMYm3zYEBYMFj37O,Adrian Kuipers,Sweet Dreams My Friend,103252,Sweet Dreams My Friend,1,29 04 2022,1,0.674,0.275,7,-17.377,0,0.046,0.989,0.937,0.106,0.184,128.129,3
43,0FzheNP5fEZOwyJXMpBMbl,Out Of The Woods,Enjoy The Silence,105926,Enjoy The Silence,1,29 04 2022,1,0.235,0.261,8,-16.424,0,0.048,0.975,0.899,0.0877,0.0872,71.011,4
44,3xhjnA3Fl6Sw1TRIB7ALXZ,Rêve,Rêve,241673,Rêve,1,29 04 2022,1,0.392,0.0574,10,-24.573,1,0.0342,0.986,0.926,0.0962,0.0934,131.391,5
0,05j4VSG0fxZHI7MB3mMyVO,Martin Kohlstedt,PAN,231804,FLUR,4,27 11 2020,10,0.445,0.0793,1,-20.946,1,0.0437,0.981,0.918,0.121,0.124,122.748,4
1,1w1vmGM5nzNsQviR9dC4Sc,RIOPY,Ukiyo,235106,Tree of Light,2,27 09 2019,10,0.439,0.0561,9,-23.791,0,0.0466,0.99,0.909,0.0695,0.105,159.984,4
2,5IGgao0v41y7F5gHV62we3,Carlos Cipa,I wanted you to know (Munich Session),285000,I wanted you to know (Munich Session),1,2 04 2021,1,0.182,0.00649,9,-31.883,0,0.0422,0.98,0.884,0.107,0.04,180.323,3
3,7IeV6GcNaCfuYR8LXF3rko,Frédéric Chopin,"Chopin: Nocturne No. 2 in E-Flat Major, Op. 9 No. 2",292706,Chopin: Nocturnes [Complete],2,1992,21,0.428,0.0299,3,-25.039,1,0.0417,0.99,0.918,0.145,0.0906,99.41,3
4,08nsrwYHcNROgOxu0JDUbk,RIOPY,Wyden Down,207373,RIOPY,12,2 02 2018,16,0.149,0.323,6,-19.446,0,0.03,0.85,0.91,0.117,0.342,89.453,4
5,3GvMzPN2yMqbmhuyyw8bxh,John Williams,"The Force Theme (From ""Star Wars"")",108109,"The Force Theme (From ""Star Wars"")",1,29 04 2022,1,0.348,0.0667,8,-25.518,1,0.0489,0.99,0.923,0.121,0.067,69.3,3
6,4LG4yhKa69RTG4HcNAkxrp,Johann Sebastian Bach,"Bach, JS: Well-Tempered Clavier, Book 2, Prelude and Fugue No. 17 in A-Flat Major, BWV 886: I. Prelude",212346,"Bach: Well-Tempered Clavier, Book 2 (Excerpts)",5,29 01 2021,24,0.262,0.13,8,-27.225,1,0.0367,0.993,0.889,0.113,0.445,135.803,4
7,4Y0sakC0g6TBWV4oPN3Z46,RIOPY,Peace of Mind,262506,Tree of Light,7,27 09 2019,10,0.483,0.0274,6,-24.966,1,0.0493,0.971,0.944,0.101,0.217,160.584,4
8,2UvpD4YYxCi27MlwDy1kvs,Dalal,Einaudi: I giorni,418538,Einaudi: I giorni,5,21 09 2018,5,0.458,0.119,2,-23.452,1,0.0542,0.989,0.91,0.0935,0.0714,114.58,3
9,1SV2skQUQ6KtOa0Bp2xx4V,Franz Liszt,"Liszt: Wiegenlied, S. 198",189500,Good Night!,2,9 10 2020,16,0.283,0.0339,9,-26.349,0,0.0467,0.994,0.942,0.1,0.0701,61.847,4
10,1GVXbkQGidWl3obKyq51b2,RIOPY,Drive,305053,RIOPY,16,2 02 2018,16,0.298,0.48,8,-13.357,1,0.0316,0.649,0.785,0.0964,0.417,94.209,4
11,4x1gLAQRMEBO0es7lwt8wp,Annelie,Shimmer,213840,Shimmer,1,22 04 2022,1,0.253,0.017,6,-28.196,0,0.046,0.987,0.903,0.0789,0.0874,72.34,4
12,2l0sArPr59e2BwbI1YCDFA,Fred again..,Kahan (Mallaig Station),214500,Actual Life 2 Piano EP (February 2 - October 15 2021),2,27 04 2022,5,0.304,0.0262,4,-18.442,0,0.0504,0.994,0.949,0.0874,0.136,184.684,4
13,3cTX97kSfqIs9U68fOjIEB,Franz Schubert,"Schubert: 4 Impromptus, Op. 90, D. 899: No. 3 in G-Flat Major",342306,"Schubert: 4 Impromptus, D. 899 & 6 Moments musicaux",3,22 10 2021,14,0.171,0.0292,6,-28.52,1,0.0393,0.994,0.91,0.109,0.064,70.508,4
14,4opgRBGGDePBULgTfwu0Xn,RIOPY,Flo,232893,Tree of Light,3,27 09 2019,10,0.5,0.0516,8,-24.682,1,0.0545,0.986,0.901,0.136,0.0848,80.008,4
15,750Jl3yiwbpx0HgF2hjGH5,Michiel Borstlap,Bloem / Λουλούδι / Virág,106506,Bloem / Λουλούδι / Virág,1,13 05 2022,1,0.375,0.0306,7,-26.635,0,0.0429,0.995,0.947,0.0825,0.243,129.875,1
16,6el6nmJAaMyP0HWzwTG4Lk,Pink Swan,Rivers,184412,Rivers,1,13 05 2022,1,0.246,0.389,3,-18.679,0,0.0369,0.945,0.931,0.139,0.374,125.774,4
17,3XNMROue0Yj6tKsdWCMO5R,Stefan Truyman,A Waltz of Shades,152000,A Waltz of Shades,1,13 05 2022,1,0.502,0.107,9,-19.764,0,0.0449,0.994,0.943,0.0627,0.148,106.585,3
18,5ipMiNXR4MATOx8pqCQpFo,Martin Kohlstedt,LUN,197335,FLUR,1,27 11 2020,10,0.495,0.0618,1,-27.296,0,0.033,0.975,0.424,0.233,0.227,89.784,4
19,32ibv7o7vkePZczHP0hns8,Adelio,Bona Fide,117639,Bona Fide,1,13 05 2022,1,0.61,0.182,3,-23.049,0,0.0291,0.973,0.941,0.103,0.217,139.909,4
20,5TjyG1wvTNosEsJHVNQlkH,Zeevonk,Nocturnal,232597,Nocturnal,1,13 05 2022,1,0.329,0.0477,5,-25.055,1,0.0409,0.991,0.88,0.0987,0.256,74.869,4
21,7yB0uTtiY9jrTMzWpbnn1r,RIOPY,New World,227466,Tree of Light,10,27 09 2019,10,0.467,0.201,8,-22.06,0,0.033,0.937,0.899,0.12,0.205,80.092,4
22,2SAWmuxjgrZROmmLssV3OV,Coen Molenaar,Le Printemps du Coeur- L'Amour,116048,Le Printemps du Coeur,2,13 05 2022,8,0.476,0.0251,3,-25.981,1,0.0535,0.993,0.956,0.107,0.156,89.414,4
23,2oQ9cSikCRzxTkynfJ3jnL,Lisa Kriegler,Two as One,133027,Two as One,1,13 05 2022,1,0.38,0.0166,6,-27.845,1,0.0414,0.986,0.939,0.114,0.146,133.351,4
24,2aIdaLsNYCydow1Xsa5pB5,Louis Mercier,Illume,122427,Illume,1,13 05 2022,1,0.548,0.0193,2,-28.832,0,0.0395,0.994,0.946,0.105,0.14,106.15,4
25,6RChjiNELK7NBDxVpyErZM,Christian Janssen,Cycling home,106068,Cycling home,1,13 05 2022,1,0.2,0.0175,11,-30.656,0,0.0365,0.992,0.899,0.0925,0.121,177.875,3
26,7jzXdYGxNfTVlkPyqJHOfs,Rêve,Feather'd Lady,233077,Feather'd Lady,1,13 05 2022,1,0.311,0.118,5,-21.622,0,0.0325,0.978,0.914,0.0894,0.255,109.937,4
27,0ithuYRGpCB17tJgBBUXjX,San Fiore,I sea a rainbow,162266,I sea a rainbow,1,13 05 2022,1,0.538,0.0638,4,-23.974,1,0.0387,0.994,0.918,0.113,0.226,94.703,3
28,5SMSZLSkuUB614luAe4Rij,Bart Sunshine,Good Night,129250,Good Night,1,13 05 2022,1,0.401,0.0514,3,-24.01,1,0.0763,0.992,0.933,0.113,0.351,145.78,4
29,3VL8kSvQyNlXUF21iWOixZ,YARA,Holland,170537,Holland,1,22 04 2022,1,0.355,0.0681,8,-21.302,0,0.0351,0.989,0.882,0.113,0.413,80.955,4
30,2sJXcqcwzfGubwNB4trEmS,BARTH.,in the quiet,240173,in the quiet,1,22 04 2022,4,0.62,0.00931,5,-28.148,0,0.0413,0.995,0.882,0.0776,0.0382,105.902,4
31,3gpMt5tYAe2kytzI02ONZO,Jacco Wynia,Come old come new,196718,Come old come new,1,22 04 2022,1,0.508,0.163,11,-22.607,0,0.0324,0.966,0.923,0.13,0.173,93.705,4
32,5I459peUCuUHbqTOapb5uU,I TRAVEL LIGHT,Because It's There,195163,Because It's There,1,22 04 2022,1,0.538,0.135,6,-23.131,1,0.0843,0.994,0.96,0.0924,0.291,119.058,3
33,4qY01pTRNtpqB9vAYXipiy,Eric D. Lawrence,Coastal,139661,Coastal,1,22 04 2022,1,0.197,0.215,11,-25.242,0,0.0425,0.949,0.952,0.1,0.593,90.814,4
34,5nyd4WrUx1MskeakskoKyj,Eduardo Gutiérrez,Fragilidades,171307,Fragilidades,1,22 04 2022,1,0.39,0.0582,7,-27.94,0,0.0521,0.991,0.908,0.15,0.0898,79.978,4
35,1eFTk2KtTkPQ4AQdOmXgrE,Sarko,Mystique,156781,Mystique,1,22 04 2022,1,0.522,0.268,5,-15.831,1,0.036,0.941,0.915,0.108,0.392,130.169,4
36,0hPjoXFFGhy003ZXy0TdP7,Christian Janssen,Luminous,176941,Luminous,1,22 04 2022,1,0.353,0.0382,1,-24.623,1,0.032,0.988,0.915,0.12,0.175,92.117,4
37,5u9JNEUu3cDgH6MkhveTCX,Nölck,Chateau,190258,Chateau,1,22 04 2022,1,0.443,0.0591,9,-25.971,1,0.0345,0.982,0.905,0.115,0.144,71.634,4
38,3wEwBynZkZWhJ55258ZpZf,Tom Van de Venne,Nordic Shores,254208,Nordic Shores,1,22 04 2022,1,0.425,0.334,4,-17.323,1,0.0476,0.964,0.93,0.107,0.208,79.929,4
39,65KofvKMxqTaio3ZeoOmke,Lisa Kriegler,Dandelion,146123,Dandelion,1,29 04 2022,1,0.346,0.0472,9,-24.145,1,0.0555,0.993,0.772,0.105,0.184,204.361,4
40,14CnGnHVi8mEysyx4rmYdR,Christian Janssen,Dewdrops,140202,Dewdrops,1,29 04 2022,1,0.374,0.0706,5,-23.939,0,0.0289,0.989,0.963,0.109,0.106,102.326,3
41,4uacXWZUzM0zOzC4e99FUa,Kalas,Idelig,166581,Idelig,1,29 04 2022,1,0.214,0.0696,10,-27.704,0,0.0715,0.99,0.907,0.367,0.279,51.348,4
42,2fn7doAMYm3zYEBYMFj37O,Adrian Kuipers,Sweet Dreams My Friend,103252,Sweet Dreams My Friend,1,29 04 2022,1,0.674,0.275,7,-17.377,0,0.046,0.989,0.937,0.106,0.184,128.129,3
43,0FzheNP5fEZOwyJXMpBMbl,Out Of The Woods,Enjoy The Silence,105926,Enjoy The Silence,1,29 04 2022,1,0.235,0.261,8,-16.424,0,0.048,0.975,0.899,0.0877,0.0872,71.011,4
44,3xhjnA3Fl6Sw1TRIB7ALXZ,Rêve,Rêve,241673,Rêve,1,29 04 2022,1,0.392,0.0574,10,-24.573,1,0.0342,0.986,0.926,0.0962,0.0934,131.391,5
45,7FtPpdvKbNtwOIWNeKcbNF,Pink Swan,Inside,133433,Inside,1,29 04 2022,1,0.321,0.26,7,-15.253,1,0.0351,0.712,0.925,0.106,0.149,71.238,4
46,5BM6Rl8Nc0u0g8sJFF4gin,Francois Mathian,Go To Sleep Little Baby (Piano & Strings),138804,Go To Sleep Little Baby,1,29 04 2022,2,0.224,0.0584,1,-20.804,1,0.0392,0.982,0.931,0.148,0.0772,88.121,3
47,2aLgFG14lYLiV8YYziZI7Q,Ron Adelaar,Letting Go,181792,Letting Go,1,6 05 2022,1,0.361,0.0201,7,-27.554,1,0.0371,0.991,0.933,0.0947,0.151,146.926,4
48,7tM43JV1PxtzUXXBboYGUs,YARA,Flooded,215704,Flooded,1,6 05 2022,1,0.335,0.0687,0,-20.271,0,0.0395,0.991,0.891,0.129,0.23,158.248,4
49,6Iv8ip14vyQdkqPtLZZ6dJ,I TRAVEL LIGHT,Perfect Day,155233,Perfect Day,1,6 05 2022,1,0.3,0.492,9,-19.832,0,0.0387,0.969,0.892,0.131,0.226,121.154,4
50,49Z4bfOvJUERJvbi5UO8FS,Andrés Martín,Fragile,120500,Fragile,1,6 05 2022,1,0.546,0.112,5,-20.582,0,0.0565,0.995,0.961,0.156,0.368,95.368,3
51,1wus1A1lBdeU8f7PfkwahJ,John Ether,Meraki,215136,Meraki,1,6 05 2022,1,0.318,0.0687,6,-22.523,0,0.0422,0.982,0.927,0.0759,0.125,136.383,4
52,7FBRJTGUENCfVxxnmeOiur,Christian Janssen,Chapel in the woods,151069,Chapel in the woods,1,6 05 2022,1,0.386,0.0186,10,-29.776,1,0.0343,0.994,0.908,0.128,0.241,84.478,4
53,6q09lRCUJnvpvv7torNgIK,Rowan Guthrie,Dawn - melting the darkness,137467,Dawn - melting the darkness,1,6 05 2022,1,0.432,0.0976,4,-25.245,0,0.0454,0.987,0.764,0.103,0.106,128.006,3
54,5QXIKJaiO93KGNV2M5bo2J,Skye High,Spheres of Wonder,202295,Spheres of Wonder,1,6 05 2022,1,0.404,0.153,5,-23.357,0,0.046,0.986,0.936,0.107,0.28,97.93,3
55,7bSVXWgCVg52c3UMGkm2mg,Dried Roses,Winter,186990,Winter,1,6 05 2022,1,0.253,0.0454,5,-19.53,1,0.0378,0.804,0.874,0.098,0.128,173.543,4
56,7hRg0TC7EHpkbtFPKmA4bt,Nölck,Lost,205125,Lost,1,6 05 2022,1,0.323,0.0664,5,-24.253,0,0.0446,0.969,0.913,0.112,0.0597,121.847,4
57,2VzCT1GPn92XcBnbJ0IRQ7,Sarko,Travel,184308,Travel,1,6 05 2022,1,0.509,0.188,5,-17.014,0,0.0343,0.834,0.958,0.107,0.194,110.033,4
58,1PD3FTs7THsdchbq5njjGW,Tom Van de Venne,Summer Breeze,223837,Summer Breeze,1,6 05 2022,1,0.426,0.0988,9,-18.722,1,0.159,0.988,0.867,0.121,0.357,87.949,4
59,1XyrzokknbUbEpME4NZFVz,Coen Molenaar,Le Printemps du Coeur- Une Liaison Amoureuse,117495,Le Printemps du Coeur- Une Liaison Amoureuse,1,29 04 2022,1,0.209,0.0306,1,-24.937,0,0.0494,0.994,0.958,0.0977,0.154,208.664,4
60,4hDmvcZ9cTKVB4HSVOGI1X,Michiel Borstlap,Parc / парк / 公园,112531,Parc / парк / 公园,1,15 04 2022,1,0.273,0.04,8,-31.186,0,0.0364,0.995,0.918,0.0881,0.243,136.331,4
61,2LaVpxX2HC5xTCGtZkQSUs,Stefan Truyman,Pure,129332,Pure,1,15 04 2022,1,0.5,0.0484,0,-18.883,1,0.0403,0.987,0.943,0.102,0.552,133.994,4
62,3KLfMMx6Db6C9VKgagHaZV,Robert Schumann,"Schumann: Kinderszenen, Op. 15: No. 1, Von fremden Ländern und Menschen",100266,"Schumann : Kinderszenen, Waldszenen & Bunte Blätter",1,1 10 1990,31,0.279,0.00647,7,-38.339,1,0.0577,0.996,0.95,0.103,0.237,67.454,4
63,4tlXV3Mhl6yElBJrNyKHfT,Sacha Hoedemaker,Annular,141372,Annular,1,29 04 2022,1,0.501,0.00755,6,-27.857,1,0.09,0.995,0.953,0.106,0.352,65.865,4
64,1NO4LbvYIgZKPQJkA5r8a1,Adelio,Through The Mist,122500,Through The Mist,1,15 04 2022,1,0.522,0.0463,9,-20.938,0,0.0435,0.967,0.936,0.0898,0.0917,133.818,3
65,2YKGwIabG5arssNqMqnLcY,Ron Adelaar,Flying Away,120280,Flying Away,1,22 04 2022,1,0.427,0.0401,0,-25.483,0,0.0541,0.99,0.928,0.114,0.134,47.215,4
66,0MFK1L44eSw78xZUnvFOE1,Simone d'Harmange,Breakfast In Paris,118574,Breakfast In Paris,1,29 04 2022,1,0.592,0.203,5,-21.295,1,0.0487,0.993,0.951,0.106,0.516,114.531,3
67,4jbMoZi3jNxH6QjtINrZyT,Zeevonk,Noah,160773,Noah,1,15 04 2022,1,0.358,0.0458,0,-29.038,0,0.0352,0.995,0.876,0.0721,0.165,142.922,4
68,3v7zz1zUrwJa2WdEQxbnQM,Out Of The Woods,Kind,162236,Kind,1,15 04 2022,1,0.329,0.132,0,-20.806,1,0.0341,0.983,0.911,0.0902,0.288,79.325,4
69,73giiC6WgHTKyYC2mldJtM,Michel Haspeslagh,L'âme Soeur,116500,L'âme Soeur,1,29 04 2022,1,0.457,0.0545,4,-23.693,0,0.0465,0.992,0.925,0.1,0.268,115.211,3
70,2XVpEFN7kMUBhZ719QvM9A,Daniel Schrage,Balancing Act,108000,Balancing Act,1,11 03 2022,1,0.3,0.149,1,-30.293,1,0.0365,0.993,0.912,0.092,0.161,140.169,4
71,7ahnfYkZyY61K7AcwSaiOG,Nolan Khan,Rêverie,151858,Rêverie,1,15 04 2022,1,0.598,0.0571,2,-21.537,1,0.0533,0.933,0.167,0.097,0.174,67.001,4
72,6Yhwx5CXZTx7lw9CY0VIXL,Pieter Savenberg,With You,170242,With You,1,29 04 2022,1,0.407,0.0505,2,-22.771,1,0.0433,0.994,0.91,0.065,0.0853,68.016,4
73,780K18qYEIqhBiNCcnWT1a,Andrés Martín,Lost In The Forest,142000,Lost In The Forest,1,15 04 2022,1,0.52,0.159,8,-22.826,0,0.0636,0.995,0.947,0.11,0.0879,117.125,3
74,3Pm2i8o7wy4rC2bD2f0gZt,Holly Jones,Charis,141343,Charis,1,22 04 2022,1,0.29,0.0201,3,-26.801,1,0.0428,0.994,0.868,0.12,0.17,106.842,4
75,5Bxam199vhu8gqv9K1Fc8s,Yonder,Sleepless Nights,168226,Unsung,8,8 04 2022,8,0.256,0.179,7,-19.62,0,0.0376,0.986,0.933,0.113,0.299,94.523,4
76,6TLdPqiGvlpCMqiCYpsU4v,Ron Adelaar,Struggling,143213,Struggling,1,8 04 2022,1,0.409,0.0273,7,-27.592,1,0.0327,0.989,0.896,0.117,0.0719,80.247,1
77,7aKL6GROVCjSIz7mBnio8o,Jacco Wynia,Adrift,161240,Adrift,1,8 04 2022,1,0.303,0.129,1,-23.794,1,0.0412,0.931,0.824,0.13,0.157,140.128,4
78,1xD8zsDs5DrdgAt5nLjld3,Tom Kristiaan,Danser sur l'eau,186423,Danser sur l'eau,1,8 04 2022,1,0.282,0.0352,0,-29.657,1,0.0412,0.993,0.951,0.0974,0.132,114.182,1
79,7ab5tpYwOxBfX8qMiPScmy,Children's Play,Never Grow Up,211581,Lullabies On The Piano,11,8 04 2022,11,0.191,0.0318,7,-29.736,1,0.0552,0.993,0.881,0.101,0.125,72.545,4
80,5rnpFhTerQAtva8IuFHMnS,Carlos Cipa,Arkata (Munich Session),242000,Arkata (Munich Session),1,12 03 2021,1,0.314,0.0252,1,-29.52,0,0.0389,0.984,0.88,0.125,0.0966,95.683,4
81,1e62eI0yRwL1e8NTQiSMOr,Rêve,Neither Two Nor One,213472,Neither Two Nor One,1,8 04 2022,1,0.402,0.0786,1,-23.567,1,0.0323,0.969,0.93,0.107,0.0472,134.093,3
82,6TgOklWm9ubjhKwzd6Wwd7,Jean Bell,Moonlight Serenade,127738,Moonlight Serenade,1,8 04 2022,1,0.373,0.0463,2,-33.523,0,0.0501,0.991,0.843,0.108,0.323,89.785,4
83,5Bjjbqpe8SngCgdmtekRyx,Sarko,Plannet,113295,Plannet,1,8 04 2022,1,0.428,0.373,1,-14.998,1,0.0339,0.913,0.979,0.151,0.373,89.861,4
84,3nMm4CHDIRoO6ioNWAiQq3,I TRAVEL LIGHT,Boundaries,155822,Boundaries,1,4 02 2022,5,0.372,0.185,5,-19.054,0,0.042,0.992,0.892,0.105,0.0773,65.96,4
85,1eigoc9jUeMjH4wQMnVU4U,North [Sic],Ruzafa,198548,Ruzafa,1,1 04 2022,1,0.466,0.157,4,-18.371,0,0.039,0.974,0.95,0.112,0.033,75.031,3
86,4akCnr495rQQEE5zKYbNqX,Lorenzo Balzotti,Suspended World,168051,Suspended World,1,1 04 2022,1,0.388,0.13,4,-21.462,0,0.0393,0.985,0.945,0.107,0.109,78.721,4
87,1NBgqGOyWy9EIs1dUV7bMN,Tom Van de Venne,Hope,209556,Hope,1,8 04 2022,1,0.617,0.251,2,-15.968,1,0.0798,0.979,0.957,0.107,0.197,90.04,4
88,2iayY738FouZUpTQyCYBZl,Josh Kramer,Under The Mulberry Tree,161022,Under The Mulberry Tree,1,8 04 2022,1,0.413,0.0735,6,-25.248,0,0.0353,0.988,0.945,0.108,0.122,52.838,4
89,2HaYaEc2fUWO2lwRfSHl8Z,Bart Sunshine,Breathe,110930,Breathe,1,25 03 2022,1,0.349,0.0289,4,-27.198,0,0.0597,0.995,0.945,0.116,0.308,172.772,4
90,5rTOQ1I0Ig9CglsssseeYe,Leoš Janáček,"Janáček: On an Overgrown Path, Book I: No. 7, Good Night!",199375,Good Night!,1,9 10 2020,16,0.335,0.0146,4,-23.818,0,0.0441,0.995,0.883,0.0838,0.0754,73.152,4
91,6VWXXegvaYsNkEZdKRNtlE,Noah Evans,Rain In July,170000,Rain In July,1,1 04 2022,1,0.395,0.0403,7,-26.37,0,0.0306,0.993,0.962,0.101,0.225,94.228,4
92,4C0fbA7KbgfmDcib7tefmH,Ron Adelaar,Small Steps,170613,Small Steps,1,25 03 2022,1,0.439,0.0563,5,-25.77,1,0.0304,0.983,0.937,0.101,0.218,120.826,4
93,3PpvhHp9USOBQFFQ7pJwsy,Barry Hudson-Taylor,Patchouli,112874,Patchouli,1,1 04 2022,1,0.388,0.0966,4,-24.134,0,0.041,0.985,0.962,0.104,0.0617,116.692,4
94,7gCC7r5H9hA9csMSrSlv2i,I TRAVEL LIGHT,Broken Things,116964,Broken Things,1,25 03 2022,1,0.233,0.362,7,-18.492,0,0.0429,0.972,0.888,0.106,0.0869,111.888,4
95,3hq23WclnqtJGdyuhT49Ka,Lavandou,Below The Surface,120682,Below The Surface,1,8 04 2022,1,0.237,0.0492,7,-27.15,1,0.0391,0.9,0.905,0.0851,0.0794,117.679,4
96,3gx8xywtL1p9jKtHkZuSBm,Dennis Korn,7 AM,121846,7 AM,1,25 03 2022,1,0.4,0.112,2,-16.802,0,0.0519,0.99,0.948,0.116,0.248,132.412,1
97,5WzXY5LkQ1MNfCJeCv05Ds,BARTH.,beautifully broken,236293,beautifully broken,1,25 03 2022,3,0.38,0.031,7,-26.873,1,0.0352,0.991,0.922,0.101,0.16,139.328,3
98,5NQbZKKuReHT2rhA8dnvOr,Out Of The Woods,Oak,168479,Oak,1,1 04 2022,1,0.312,0.0723,2,-21.035,0,0.0304,0.981,0.902,0.104,0.237,80.509,4
99,4v3BLZsXHzTLX4kjxECZpR,John Ether,Eloquence,186287,Eloquence,1,25 03 2022,1,0.25,0.0428,9,-23.413,0,0.039,0.981,0.885,0.11,0.103,173.145,3
100,2MSgFefjK0T7Iwjvr3OKqV,Frédéric Chopin,"Chopin: Nocturne No. 20 in C-Sharp Minor, Op. Posth.",259493,Chopin - Piano Works,8,2000,10,0.225,0.0047,1,-30.928,0,0.0509,0.992,0.881,0.0722,0.186,163.665,4
101,7GvqZ9ZvzKRBgf0t8HwSym,Dalal,Einaudi: Nuvole bianche,386990,Einaudi: I giorni,1,21 09 2018,5,0.408,0.194,8,-21.439,1,0.0594,0.992,0.918,0.0975,0.0373,112.536,4
102,6Un42D2eWizIe8nqPW6oLp,Adelio,Time For Spring,92547,Time For Spring,1,18 03 2022,1,0.366,0.0394,5,-27.589,1,0.0431,0.989,0.889,0.108,0.2,132.524,3
103,5Hn2dUqSBV79DHbMuHI11h,RIOPY,La Vie,260306,RIOPY,4,2 02 2018,16,0.225,0.163,7,-19.778,1,0.0471,0.968,0.961,0.114,0.284,74.413,4
104,3YllRULgXmUdbjoU1snp9Q,Dalal,Einaudi: Una mattina,479048,Einaudi: I giorni,4,21 09 2018,5,0.363,0.0345,9,-25.048,0,0.0695,0.994,0.921,0.0827,0.0364,120.179,4
105,19d0cpyRZYw0R00y4Am99v,RIOPY,Meditation,295706,Meditation,1,12 04 2019,1,0.495,0.136,9,-24.929,1,0.0498,0.995,0.926,0.106,0.125,72.009,4
106,4enYj5VBLp4qYox1BS6G3k,Frédéric Chopin,"Chopin: Nocturne No. 21 in C Minor, Op. Posth.",225266,Chopin: Nocturnes [Complete],21,1992,21,0.38,0.00921,5,-32.795,0,0.0422,0.993,0.902,0.0852,0.149,63.037,4
107,4FLnSfoyAZ1upX2uerS9XO,RIOPY,On a Cloud,226026,RIOPY,2,2 02 2018,16,0.169,0.39,0,-18.331,1,0.0383,0.967,0.904,0.09,0.358,173.327,4
108,5C63dzePJkA1XkPEtIPiZl,Dalal,Einaudi: Experience,364233,The Einaudi Sound,23,22 02 2019,28,0.333,0.165,6,-21.333,0,0.0435,0.981,0.877,0.059,0.0383,164.578,4
109,3EO1jW8meUV5olvl3UTD6W,Arash Safaian,Adagietto,142857,This Is (Not) Beethoven,15,14 08 2020,16,0.306,0.0127,7,-33.274,1,0.0466,0.991,0.952,0.0634,0.106,89.231,4
110,2iitWYam80TwVGAlLF97Q3,RIOPY,Golden Gate,287173,RIOPY,3,2 02 2018,16,0.264,0.224,3,-16.489,1,0.0396,0.966,0.926,0.114,0.0773,83.734,4
111,6p7BYppHiMGlNNwr2EdTHR,Johannes Bornlöf,Written On the Sky,116550,The 50 Greatest Epic Piano Pieces,30,6 04 2018,50,0.344,0.122,1,-26.341,1,0.0557,0.992,0.931,0.144,0.184,109.484,4
112,0cHDJ22uxvHMUXXg1oJnUh,Carlos Cipa,Surges (variation),320000,"Correlations B-Sides (on Yamaha Upright, 1981)",2,20 11 2020,4,0.41,0.0123,0,-29.161,0,0.0419,0.993,0.9,0.0871,0.0355,119.505,4
113,4udQdukrhegqWhqdprQtbx,RIOPY,Summer Night,310240,Tree of Light,4,27 09 2019,10,0.451,0.113,4,-24.914,1,0.0376,0.978,0.825,0.095,0.0807,80.017,4
114,1KfM3JMnBVaXTdEcSrLkXs,Maurice Ravel,"Ravel: Sonatine, M. 40: II. Mouvement de menuet",176800,Ravel: Complete Works for Solo Piano,19,15 01 2016,29,0.391,0.0398,1,-27.012,1,0.0427,0.994,0.893,0.101,0.0467,130.712,3
115,1sqSeAgWCJJDLXlsaPUWd6,RIOPY,Forgive Me,207480,RIOPY,13,2 02 2018,16,0.22,0.262,6,-17.993,0,0.0405,0.955,0.886,0.102,0.0759,142.042,4
116,2K7tugCUfCWKE0jlnQ2hER,Carlos Cipa,Dreamlessly (variation),223613,"Correlations B-Sides (on Yamaha Upright, 1981)",1,20 11 2020,4,0.219,0.0234,11,-38.362,0,0.04,0.976,0.933,0.0977,0.258,150.537,4
117,5W8S9lMy2qLSYlcE0z38zI,Christoph Willibald Gluck,"Gluck / Arr Siloti: Orphée et Eurydice, Wq. 41, Act I: Dance of the Blessed Spirits",195493,Autograph,4,21 10 2013,23,0.234,0.0073,10,-31.536,0,0.0393,0.994,0.937,0.101,0.039,76.637,4
118,3OWjxNn7H79JBU0vV1InYH,Claude Debussy,"Debussy: Preludes, Book 1, L. 117: VIII. La fille aux cheveux de lin",170533,"Debussy: Préludes, Book 1 - Satie: 3 Gymnopédies & 6 Gnossiennes",8,6 04 2018,21,0.399,0.00605,6,-32.559,1,0.0501,0.995,0.949,0.107,0.129,65.94,4
119,6t6NUHnlhN2hWTN2XxqTNA,Franz Liszt,"Liszt: 6 Consolations, S. 172: III. Lento placido",220413,Chopin & Liszt: Piano Works,10,30 08 2019,18,0.2,0.00696,1,-33.73,1,0.0327,0.984,0.898,0.121,0.128,74.999,4
120,7fTc4UqjQEcoOTicmFW8a9,RIOPY,Lost Soul,167106,RIOPY,15,2 02 2018,16,0.256,0.221,6,-18.89,0,0.0372,0.986,0.925,0.0593,0.0712,98.158,4
121,2ar3JL0ksbN32FfA0x3htx,Nölck,Where Were You,211597,Where Were You,1,1 04 2022,1,0.301,0.0578,0,-23.49,1,0.0446,0.983,0.893,0.123,0.101,81.342,4
122,2txf2NzDoegZhKrg3v9KcO,RIOPY,Blue Moon,196533,Tree of Light,6,27 09 2019,10,0.57,0.126,11,-23.249,1,0.0727,0.988,0.929,0.0908,0.096,79.962,4
123,4L6I60PSwMVVrMDrjczXO5,Carlos Cipa,The place where they go (Munich Session),260000,The place where they go (Munich Session),1,23 04 2021,1,0.16,0.0627,0,-24.534,0,0.0364,0.991,0.933,0.0943,0.0393,62.02,4
124,2wRDxGoCJWiWVNgjC8eHwJ,Gustav Mahler,"Mahler / Transcr. Tharaud: Symphony No. 5 in C-Sharp Minor, Pt. 3: IV. Adagietto",636746,Le Poète du piano,8,23 10 2020,63,0.342,0.0423,5,-19.428,1,0.0403,0.99,0.889,0.139,0.0391,71.33,4
125,5co4auGB54orUOkHsDnwUY,RIOPY,Sunrise,173093,RIOPY,14,2 02 2018,16,0.144,0.424,5,-15.346,1,0.0353,0.829,0.896,0.148,0.139,87.063,4
126,0KcNsOR8SuRB66VCJLfdnr,RIOPY,Youami,249226,Tree of Light,5,27 09 2019,10,0.503,0.0155,8,-24.868,1,0.0613,0.989,0.947,0.132,0.039,65.798,3
127,3rvEjTUQeHxbSUIVrX8d6D,Matteo Myderwyk,Aria,145940,Notes of Longing,6,17 09 2021,13,0.43,0.00897,7,-30.466,1,0.0408,0.995,0.93,0.0743,0.135,61.235,4
128,2uiAc3SIJ5cNJ9BbXkDOF4,RIOPY,Old Soul,188533,RIOPY,7,2 02 2018,16,0.323,0.161,1,-17.621,1,0.0652,0.969,0.884,0.106,0.0485,111.027,3
129,5WvE1UvopibbBTMTN7aNnJ,Carlos Cipa,Remains (Munich Session),192013,Remains (Munich Session),1,14 05 2021,1,0.472,0.00341,2,-33.882,1,0.0478,0.994,0.958,0.094,0.111,85.532,4
130,2aii5FySBayZZa8NY9F1ji,Maxence Cyrin,A Forest Bird Never Wants a Cage,129479,Aurora,4,6 03 2020,16,0.515,0.151,5,-19.285,0,0.0543,0.972,0.909,0.142,0.0705,117.474,4
131,4fPTN3PcvLB8yQmwhsVN9A,Dalal,Einaudi: Melodia africana I,157723,The Einaudi Sound,18,22 02 2019,28,0.39,0.00633,5,-31.352,1,0.0772,0.995,0.944,0.0882,0.216,134.191,4
132,32n3UKdRdfY6wYgpGDXDRi,YARA,Winter's Day,222332,Winter's Day,1,1 04 2022,1,0.436,0.0622,1,-18.849,1,0.0507,0.992,0.908,0.104,0.161,132.22,4
133,0hL3j4MpxEFhqIhN9o8ZGG,Tom Van de Venne,Coming Home,161032,Coming Home,1,11 03 2022,1,0.683,0.346,9,-16.213,1,0.0732,0.988,0.96,0.102,0.575,100.007,4
134,1HjiFQtbXp4EXLzyC05j3K,Maurice Ravel,"Ravel: Le Tombeau de Couperin, M. 68: V. Menuet",290720,Ravel: Complete Works for Solo Piano,26,15 01 2016,29,0.45,0.0321,7,-29.516,1,0.0422,0.995,0.914,0.119,0.105,106.558,4
135,27y0uo2yW5J95OONuAXauV,Franz Liszt,"Chopin / Arr. Liszt: 6 Polish Songs, S. 480: II. Frühling (After Chopin Op. 74 No. 2)",138213,Chopin & Liszt: Piano Works,3,30 08 2019,18,0.25,0.00776,7,-35.56,0,0.0379,0.995,0.836,0.056,0.199,65.345,4
136,1nLWRDS639A8pQvlpM5H1F,Carlos Cipa,"Fantasia on Bach (on Steinway Grand, 1975)",175506,Correlations (on 11 pianos),4,8 05 2020,16,0.18,0.00554,9,-25.285,1,0.0458,0.892,0.82,0.123,0.0323,82.371,5
137,2DtxXwHsperp01YWgx7v1y,Dalal,Einaudi: I giorni,418538,The Einaudi Sound,15,22 02 2019,28,0.458,0.119,2,-23.452,1,0.0542,0.989,0.91,0.0935,0.0714,114.58,3
138,0SKuh7Bnvekhl6Yv7xM8iK,Johann Sebastian Bach,"Bach, JS / Arr. Busoni: Ich ruf zu dir, Herr Jesu Christ, BWV 639",205306,Love and Death,1,3 05 2019,12,0.253,0.00256,5,-41.146,0,0.0446,0.995,0.952,0.0945,0.229,63.799,4
139,5igWpShRQR8vLOcint6ouI,Johann Sebastian Bach,"Bach, JS: Well-Tempered Clavier, Book 2, Prelude and Fugue No. 8 in D-Sharp Minor, BWV 877: I. Prelude",320466,"Bach: Well-Tempered Clavier, Book 2 (Excerpts)",7,29 01 2021,24,0.319,0.0506,3,-33.353,0,0.0429,0.994,0.907,0.0986,0.41,112.711,4
140,6Z5IOBNtbZPW9rdKJoqmtG,Dalal,Life,290169,The 50 Greatest Einaudi Pieces,37,19 10 2018,50,0.333,0.14,7,-22.589,1,0.046,0.976,0.888,0.093,0.0534,180.195,4
141,18eLwnbRgukHqyVnbWt2nv,Johann Sebastian Bach,"Bach, JS / Arr. Siloti: Klavierbüchlein für Wilhelm Friedemann Bach: No. 18, Prelude in E Minor, BWV 855",183520,Autograph,1,21 10 2013,23,0.207,0.0343,11,-30.14,0,0.0368,0.989,0.891,0.0664,0.0485,131.75,4
142,4Wr0pU1WGz7VHgAmjwrkFY,Dalal,Einaudi: Divenire,528919,The Einaudi Sound,14,22 02 2019,28,0.352,0.118,7,-21.227,1,0.0518,0.989,0.904,0.122,0.0429,125.425,3
143,32i9vcGv2xGHCNIGcc9njW,RIOPY,Attraction,203826,RIOPY,8,2 02 2018,16,0.112,0.614,0,-13.969,1,0.0384,0.721,0.912,0.12,0.206,91.243,4
144,4aL45efCqOInZUJcaje5i0,Dalal,Einaudi: Nuvole bianche,386990,The Einaudi Sound,1,22 02 2019,28,0.408,0.194,8,-21.439,1,0.0594,0.992,0.918,0.0975,0.0373,112.536,4
145,21zJuRBMVvfcOOkrnroegT,Robert Schumann,"Schumann: Kinderszenen, Op. 15: No. 12, Kind im Einschlummern",105973,"Schumann : Kinderszenen, Waldszenen & Bunte Blätter",12,1 10 1990,31,0.316,0.0126,4,-35.047,0,0.0573,0.994,0.862,0.0719,0.123,171.331,4
146,2tPnuXW6rIQWv99Pj96ks8,Dalal,Einaudi: Una mattina,479048,The Einaudi Sound,5,22 02 2019,28,0.363,0.0345,9,-25.048,0,0.0695,0.994,0.921,0.0827,0.0364,120.179,4
147,4Z9RcRPwGIEVBb2Yh2WTXO,Gabriel Fauré,"Fauré / Arr. Diluka: 3 Songs, Op. 23: No. 1, ""Les berceaux""",140506,The Proust Album,16,29 10 2021,20,0.272,0.0341,10,-23.684,0,0.0459,0.995,0.834,0.0892,0.0535,70.091,4
148,0dIl3n2VvSXCtKgkPSlq2O,Max Richter,Richter: Vladimir's Blues,113880,Richter: Vladimir's Blues,1,18 03 2020,1,0.396,0.0305,9,-33.67,1,0.0394,0.996,0.832,0.0576,0.311,75.508,4
149,0Ul3clR9hLoXy2cdUQUHYD,Max Richter,Only Questions,80272,Melancholic Piano,16,12 03 2022,25,0.273,0.00946,6,-33.233,0,0.0396,0.992,0.899,0.0754,0.598,139.225,4
150,1PSUfyKNOiLBBHQrdcR769,Marsha Malènko,Music is the key to humanity,184000,Music is the key to humanity,1,19 03 2022,1,0.329,0.148,0,-20.939,0,0.046,0.995,0.911,0.19,0.0788,63.414,3
151,4NtgGbFGznNM4qncLVL4kj,Maxence Cyrin,Voyage,121532,Melancholy Island - Voyage,1,5 11 2021,2,0.471,0.262,9,-19.226,0,0.0338,0.61,0.899,0.112,0.157,130.184,4
152,77lKz7XxH90CWl5ifA04ar,Carlos Cipa,Pagoda (Debussy redesigned),182000,Pagoda (Debussy redesigned),1,19 11 2021,1,0.173,0.193,11,-19.615,1,0.0373,0.942,0.888,0.107,0.0382,86.51,5
153,0PO9GJ0lOcJeA3Nv60BelK,Claude Debussy,"Debussy: Rêverie, CD 76, L. 68",233080,The Proust Album - Debussy: Rêverie,1,10 09 2021,1,0.293,0.0216,7,-30.124,0,0.0415,0.995,0.898,0.0702,0.0507,58.742,5
154,5204dT2E3Wy05hbkx8WlQI,DeLange,Contemplation No. 5,181229,Contemplations ~ Opus I,8,18 03 2022,11,0.345,0.0137,2,-26.717,1,0.0486,0.994,0.901,0.121,0.261,82.201,4
155,08y31EAPDTQR1Zsz1TN2Ur,Carlos Cipa,Sonata Fragment (Beethoven redesigned),170000,Sonata Fragment (Beethoven redesigned),1,29 10 2021,1,0.46,0.0309,4,-25.448,0,0.05,0.993,0.941,0.0885,0.143,66.835,4
156,4ldRxzeHrTWwBXyWTII5Hu,15,Supine,124000,Supine,1,4 03 2022,1,0.391,0.00944,7,-26.725,0,0.0421,0.987,0.888,0.112,0.246,134.928,3
157,6dWMQo6SNGAZv8WW4LhuR5,Matteo Myderwyk,Longing,174894,Longing,1,20 08 2021,4,0.202,0.0294,5,-29.69,0,0.0369,0.995,0.888,0.118,0.17,176.447,3
158,5UAvS0O6lEcyj4HF7dA3al,Jacco Wynia,Quest of Visions,341802,Quest of Visions,1,11 03 2022,1,0.313,0.0375,5,-26.566,1,0.0325,0.957,0.88,0.102,0.0508,124.662,4
159,5dr5Bw2iU0njMDZywcuZ6Q,Rêve,Diverged,171711,Diverged,1,18 03 2022,1,0.437,0.113,2,-23.555,1,0.0317,0.992,0.93,0.0765,0.172,110.959,4
160,0fUgsmKvgTW8IKDitJXRlL,Ron Adelaar,Andante - 2022 Version,105649,Andante (2022 Version),1,11 03 2022,1,0.497,0.0246,7,-22.532,1,0.0745,0.981,0.928,0.111,0.195,113.429,4
161,4zh7febakQsasqW89WDIo5,Yonder,Light Shines Down,212026,Light Shines Down,1,11 03 2022,1,0.264,0.0915,4,-20.565,1,0.0402,0.98,0.896,0.125,0.04,135.506,5
162,7Ll3Avq4RewMYNeCyi7KsD,Tom Kristiaan,Un sourire et une larme (valse),146090,Un sourire et une larme (valse),1,11 03 2022,1,0.441,0.018,10,-27.154,0,0.0456,0.994,0.952,0.116,0.204,107.794,3
163,2YmfzaE40ZBr9qXSo9Hl7N,Out Of The Woods,Daydreaming,145452,Daydreaming,1,11 03 2022,1,0.213,0.162,6,-19.792,0,0.035,0.988,0.918,0.105,0.343,63.36,4
164,7fDeB8f1lwp1G9ANnclgxz,Oscar Pascasio,Someday,201500,Someday,1,18 03 2022,1,0.436,0.104,3,-22.635,1,0.0425,0.982,0.93,0.108,0.519,77.765,4
165,1sgW4KcioZEb4CE0YjjTfe,YuMe,Kasepen,174632,Kasepen,1,4 03 2022,1,0.326,0.122,9,-23.616,0,0.0496,0.987,0.89,0.112,0.114,116.91,3
166,0LFIOJpJjTWNS5wTI3oQgD,Alcon Blue,Drift Off,135128,Drift Off,1,4 03 2022,1,0.302,0.0339,4,-29.222,1,0.0378,0.978,0.91,0.0946,0.165,50.545,4
167,1HhwI6RgDlIKtwgmLZYZio,Andrés Martín,Wake Up Sweet,126666,Wake Up Sweet,1,4 03 2022,1,0.516,0.0866,7,-23.815,1,0.048,0.994,0.947,0.107,0.377,99.96,4
168,70VbHJCfkztARJLQaz5Vd3,Nölck,What Once Was,228937,What Once Was,1,18 03 2022,1,0.246,0.137,4,-24.8,0,0.0395,0.973,0.903,0.0932,0.0776,125.538,4
169,2WwwoeoNPgMr1f9szG0Ou8,Cameron Segal,A Lost Ballad,123000,A Lost Ballad,1,4 03 2022,1,0.479,0.18,5,-22.347,0,0.039,0.978,0.948,0.111,0.309,96.269,4
170,3UVUJ0fmgVzmM3n42a215W,I TRAVEL LIGHT,What I Am,123873,What I Am,1,4 03 2022,1,0.301,0.402,9,-17.832,0,0.0329,0.991,0.9,0.118,0.332,96.438,4
171,4M7J57FjzHH6JxS2La8TkU,BARTH.,salt (feat. Ardie Son & Morris Kliphuis),246613,salt (feat. Ardie Son & Morris Kliphuis),1,25 02 2022,2,0.38,0.144,5,-18.307,0,0.0382,0.993,0.949,0.161,0.243,119.949,4
172,27p9ykLv9vZMqTJiK1atLi,Michel Haspeslagh,Frivolité,143386,Frivolité,1,18 03 2022,1,0.418,0.0758,7,-25.522,0,0.0474,0.992,0.942,0.0871,0.237,111.611,3
173,2a0pXJvrKaOO3taQulvxrF,Pink Swan,Intimate,212320,Intimate,1,25 02 2022,1,0.329,0.0575,0,-22.114,0,0.034,0.993,0.917,0.132,0.209,71.481,4
174,6qbVZUwINR9hXgcVuX0Xah,Sacha Hoedemaker,Acceptance,141346,Acceptance,1,25 02 2022,1,0.486,0.00716,3,-27.939,1,0.0389,0.983,0.905,0.105,0.175,69.424,4
175,0O04Z2OM55T3hPMrIBoT5J,Stefan Truyman,As the Rain Clears,144416,As the Rain Clears,1,25 02 2022,1,0.523,0.0572,9,-22.566,0,0.0376,0.994,0.947,0.0927,0.227,83.29,4
176,1k3ZB5BjdvFTsryiCjbVkd,RIOPY,Theme Music for a Dream,209293,Tree of Light,8,27 09 2019,10,0.42,0.09,6,-23.951,0,0.0416,0.944,0.912,0.111,0.203,80.019,4
177,074svMjcdhbmrwP6ubFGaf,Children's Play,Memory,176791,Memory,1,18 03 2022,1,0.477,0.0123,7,-26.823,1,0.0717,0.993,0.948,0.112,0.208,64.313,3
178,5uiJSuSDvg7Lx9wPX8OJoF,Jordi Forniés,Moonlight Moth,147231,Moonlight Moth,1,25 02 2022,1,0.529,0.0504,2,-24.675,0,0.0566,0.992,0.924,0.109,0.221,133.877,4
179,08PQPzz0AEH0HtpO9XPLOC,Adrian Kuipers,Next,142222,Next,1,4 03 2022,1,0.436,0.0224,9,-24.267,0,0.0363,0.99,0.913,0.108,0.0382,86.625,4
180,67iOe3akak2hfny4Zv16Gc,BARTH.,finding peace,198546,finding peace,1,28 01 2022,1,0.495,0.0682,2,-27.101,1,0.035,0.981,0.889,0.103,0.13,123.105,4
181,7AXJP7qDhsxbNr4iUbdjsA,Rêve,Equally,269339,Equally,1,25 02 2022,1,0.43,0.0333,4,-27.04,1,0.0334,0.993,0.91,0.105,0.113,134.703,4
182,3Otv7eF0DrhDQ0gWtgsLyq,Stefan Truyman,If/Then,136164,If/Then,1,28 01 2022,1,0.396,0.0634,0,-22.826,1,0.0351,0.993,0.946,0.0919,0.0875,77.745,4
183,4bJuul04wZOq2dAeDO6jYJ,Pieter Savenberg,Enigma,145435,Enigma,1,18 02 2022,1,0.23,0.0514,0,-24.609,0,0.0467,0.982,0.905,0.114,0.0536,72.612,3
184,2NfxGpRG7kESbFijERFBRE,Coen Molenaar,Le Printemps du Coeur- Réveille,164960,Le Printemps du Coeur- Réveille,1,25 02 2022,1,0.481,0.00772,8,-24.763,1,0.0566,0.994,0.965,0.0977,0.168,63.794,4
185,2tVvtAA0GIlXq3b2lZCUiW,DeLange,Cascade,231178,Cascade,1,18 02 2022,1,0.443,0.0181,1,-29.846,1,0.0541,0.995,0.958,0.108,0.358,82.259,4
186,2KVBrNW69Dgv6QzJhHstNs,Martèn LeGrand,Standing On Shoulders,238020,Find Calm,8,18 02 2022,12,0.375,0.0688,0,-23.337,1,0.0599,0.992,0.896,0.0951,0.0701,72.822,4
187,52UCtz95UBDlqd7vJsP4Nj,Jean Lucas,"Rêve, chérie",190893,"The Beauty Seems Close, But Is So Far Away (Deluxe)",12,18 02 2022,12,0.465,0.061,2,-24.137,1,0.0432,0.988,0.893,0.108,0.158,117.52,4
188,0ilobepuOiv1ypm47SB1kW,Josh Kramer,Veda,178817,Eksik,3,18 02 2022,3,0.316,0.0583,3,-25.425,0,0.0359,0.982,0.941,0.111,0.35,145.166,3
189,393qwgxESHxgUzlzgjpEao,Holly Jones,Before You Go,156661,Before You Go,1,18 02 2022,1,0.413,0.0244,5,-25.874,1,0.0482,0.995,0.936,0.104,0.12,69.161,4
190,485qDpunNJllkXhTMJ1Ul5,Ron Adelaar,Hymne,165600,Hymne,1,11 02 2022,1,0.347,0.0304,5,-24.156,1,0.0376,0.989,0.94,0.096,0.0857,106.719,1
191,1UpWPe0O0aNGWmouew7puk,Maxence Cyrin,Salon musique,120406,Melancholy Island - Salon musique,1,21 01 2022,5,0.348,0.0427,3,-30.862,1,0.0541,0.991,0.954,0.107,0.158,165.491,4
192,4rBlZ70UyPEUFpHDHWLYea,Out Of The Woods,Flowers In The Window,209540,Put It Behind You,3,11 02 2022,3,0.189,0.149,10,-22.223,1,0.0391,0.979,0.937,0.122,0.39,75.685,4
193,4O238OvHXZogWnTIdLpBpB,Sacha Hoedemaker,Accedence,140136,Accedence,1,11 02 2022,1,0.322,0.0138,4,-29.349,0,0.045,0.994,0.928,0.111,0.17,93.289,4
194,2A0rzpJpv0mGGUqh0ywe6m,I TRAVEL LIGHT,My First Day,128076,My First Day,1,11 02 2022,1,0.325,0.204,9,-19.676,1,0.0412,0.988,0.927,0.104,0.15,144.745,4
195,4GBoJfLyPNBZYVOVKTy7Ag,Laura Christie Wall,Suo Gân,136779,Suo Gân,1,18 03 2022,1,0.489,0.0285,5,-27.546,1,0.082,0.996,0.967,0.089,0.244,139.258,4
196,5VlF4ySfycjZAMwNdQwHnC,Tom Kristiaan,La boîte à musique,190976,La boîte à musique,1,11 02 2022,1,0.306,0.0434,1,-25.359,0,0.043,0.972,0.916,0.093,0.127,110.86,4
197,4C5GndCgnbwfiq0kHjNGTX,Ruben Fjellner,Tsiengele,171750,Tsiengele,1,11 02 2022,1,0.342,0.0836,0,-24.584,1,0.0391,0.982,0.923,0.085,0.0601,102.943,1
198,2nKTpCq7pGEPO06NITZxJM,Maxence Cyrin,Soft Skin,131007,Melancholy Island - Soft Skin,1,7 01 2022,4,0.306,0.0696,0,-30.811,0,0.035,0.986,0.956,0.104,0.282,70.748,4
199,5UElFhCzcf8TCLRV7jJ0tb,Zeevonk,Close To The Horizon,189242,Close To The Horizon,1,4 02 2022,1,0.274,0.0705,3,-29.493,1,0.0426,0.991,0.932,0.16,0.122,74.794,4
200,3lGDy77u0x8v29UoCsFFEP,RIOPY,From You,237066,RIOPY,11,2 02 2018,16,0.454,0.0544,4,-20.844,0,0.0458,0.98,0.88,0.137,0.294,134.783,4
201,746Xr23IpsPBs00SHnf5lz,Maxence Cyrin,As the Darkness Falls,100600,Melancholy Island - As the Darkness Falls,1,22 10 2021,1,0.335,0.197,2,-26.478,0,0.0407,0.957,0.867,0.13,0.176,67.631,4
202,1ypujsdkhMUsHjmwxuP0N0,Jacco Wynia,Calm after the storm,413740,Calm after the storm,1,4 02 2022,1,0.333,0.0237,1,-28.488,1,0.0353,0.978,0.925,0.104,0.302,75.65,3
203,7r8OKeD5bIacpidpuEx1SG,Muriël Bostdorp,Circles,178000,Circles,1,18 03 2022,1,0.387,0.089,7,-31.737,0,0.045,0.994,0.926,0.129,0.117,125.677,4
204,4LPaygiUBPXCqGjQ05N3IS,North [Sic],Ciutat Vella,193050,Ciutat Vella,1,4 02 2022,1,0.315,0.0312,7,-23.366,1,0.0337,0.992,0.92,0.102,0.315,83.241,4
205,3Qksf0uWb2qtioyHG4e383,Matteo Myderwyk,Remembrance,202560,Remembrance,1,28 05 2021,1,0.273,0.0189,3,-29.594,0,0.0415,0.993,0.885,0.103,0.147,179.438,3
206,28WsRIMDPZ2KpPEA4DkG8D,Mikael Oterhals,You,148923,You,1,18 03 2022,1,0.443,0.041,6,-25.545,1,0.078,0.988,0.864,0.11,0.0674,118.053,4
207,2QwmVx3vcYVUOkvcGjPMDo,Counting Waves,Transient,117620,Transient,1,4 02 2022,1,0.507,0.0121,2,-30.476,1,0.0811,0.995,0.917,0.119,0.27,126.345,3
208,3zJmrSoHalAICxwx6AbBJ0,Adrian Kuipers,Don't Wake Me Up Before You Go-Go,156259,Don't Wake Me Up Before You Go-Go,1,4 02 2022,1,0.195,0.2,5,-24.686,1,0.0453,0.985,0.854,0.108,0.0773,200.003,4
209,0tWVBJ0E3dwZIQ15pTtBSb,Tom Van de Venne,Basilica,233385,Basilica,1,18 02 2022,1,0.657,0.324,5,-16.502,0,0.0491,0.973,0.957,0.109,0.339,103.951,4
210,7lYdZVBCimh3paIEIMPm1E,Pink Swan,Admire,315147,Admire,1,28 01 2022,1,0.431,0.0173,10,-24.646,1,0.0464,0.992,0.844,0.128,0.172,69.918,3
211,2OxaHsWmmGA38l55QN9t9S,Stefan Truyman,It Was in the Coldest Night,131000,It Was in the Coldest Night,1,3 12 2021,1,0.52,0.0819,9,-21.294,0,0.0716,0.995,0.929,0.0772,0.558,108.644,4
212,4kW6ju7kF0qB3i5nWGFn06,Ron Adelaar,Bliss,111698,Bliss,1,28 01 2022,1,0.365,0.0396,2,-26.271,0,0.0413,0.993,0.903,0.104,0.618,95.022,4
213,2fOTFc5CB3HtlPdhVoACim,RIOPY,Blue Kingdom,298666,Tree of Light,9,27 09 2019,10,0.408,0.121,1,-28.284,0,0.0476,0.994,0.901,0.137,0.173,159.981,4
214,7wsU4uDTpGa0TXejkp1KGb,Tom Kristiaan,"Moi, toi et la danse",141205,"Moi, toi et la danse",1,14 01 2022,1,0.397,0.0544,2,-25.668,0,0.0411,0.989,0.955,0.0952,0.102,115.368,4
215,1MjtCeFCNXLYUhhg9S2TyT,Michiel Borstlap,Earth,166191,Elements,4,10 12 2021,4,0.275,0.00593,5,-26.61,1,0.038,0.993,0.906,0.113,0.306,72.473,4
216,5KDkbxJ9MgDQ01wAGRbQKn,Oscar Mallen,Through The Window,155986,Through The Window,1,28 01 2022,4,0.47,0.0886,5,-24.111,1,0.0523,0.991,0.96,0.0977,0.186,90.044,4
217,2Ge5D04D9BoAFge04xufMn,DeLange,Ballade,182518,Ballade,1,21 01 2022,1,0.393,0.00866,0,-28.422,1,0.0589,0.993,0.912,0.101,0.275,77.204,3
218,4IIuwDjzEhnDZ8Yz1dC0wT,Coen Molenaar,Le Printemps du Coeur- L'Amour,116048,Le Printemps du Coeur- L'Amour,1,18 03 2022,1,0.476,0.0251,3,-25.981,1,0.0535,0.993,0.956,0.107,0.156,89.414,4
219,3MpLpYNp8bdktt1sdP8OpO,Dario Crisman,Take Your Time,143759,Take Your Time,1,28 01 2022,1,0.383,0.0537,7,-27.92,1,0.0331,0.991,0.893,0.101,0.22,130.204,3
220,5uLTV3aoOdcyoeqrdTUdQQ,Tiffany Hobson,Lost Without You,182643,Lost Without You,1,21 01 2022,1,0.448,0.0153,2,-24.203,1,0.109,0.985,0.933,0.0973,0.174,76.351,5
221,7mRoJ7GqlDNNRfhjoc3Jk9,Louis Mercier,Promenade,120926,Promenade,1,21 01 2022,1,0.534,0.013,11,-30.957,0,0.0547,0.995,0.911,0.104,0.324,97.539,4
222,7uC95ammTjIPwrMYb8YOkz,Nolan Khan,Ethereal,125784,Ethereal,1,21 01 2022,1,0.57,0.0931,0,-23.512,0,0.0455,0.995,0.934,0.129,0.321,114.736,5
223,0Dmlrs0O6Ln7Ro7FDn3Bhe,Paulette Verlée,For December,179093,choses vues à droite et à gauche (sans lunettes),5,11 02 2022,17,0.5,0.0203,8,-20.535,1,0.069,0.993,0.952,0.103,0.357,127.983,4
224,17ZZF3oPIv6yeAJOzCaiIh,Wolfgang Amadeus Mozart,"Mozart: Piano Sonata No. 11, Var. 3 in 432 Hz (Redesigned)",172227,"Mozart: Piano Sonata No. 11, Var. 3 in 432 Hz (Redesigned)",1,21 01 2022,1,0.435,0.226,8,-23.988,0,0.0396,0.993,0.895,0.0991,0.485,97.601,4
225,0ChbGYI9oiWMbV5ok6zxkA,Bart Sunshine,Sacred Secret,125000,Sacred Secret,1,14 01 2022,1,0.364,0.0138,2,-33.416,0,0.0525,0.995,0.908,0.094,0.246,116.183,5
226,5nkJKL0675pz6H3RjvObte,Yonder,Unsung,246984,Unsung,1,14 01 2022,1,0.325,0.019,4,-25.015,1,0.0597,0.994,0.899,0.228,0.264,168.517,5
227,39e67SWLFobtjgr1S10iYE,Ron Adelaar,Laetitia,117510,Laetitia,1,14 01 2022,1,0.407,0.017,1,-25.67,1,0.0397,0.988,0.931,0.114,0.129,64.074,3
228,0oH5Sj7v0UunHhdCkXHnKd,Jonas Gewald,Wehmut,149000,Wehmut,1,14 01 2022,1,0.439,0.152,10,-20.743,1,0.0311,0.991,0.933,0.11,0.402,86.152,4
229,59OIbOisVupBl7PQZrPCfI,Maxence Cyrin,Antica,119847,Melancholy Island - Antica,1,3 12 2021,3,0.271,0.162,0,-18.317,0,0.044,0.967,0.926,0.107,0.121,178.477,3
230,1gOdvUMlmHnHKXRn58n2FQ,Yonder,The Ocean Refuses No River,249051,The Ocean Refuses No River,1,22 10 2021,1,0.338,0.0849,0,-22.673,0,0.0427,0.99,0.873,0.378,0.116,111.187,4
231,475cTg26izF6DZHdPASWsO,DeLange,Anin,201500,Contemplations ~ Opus I,9,18 03 2022,11,0.433,0.0397,5,-27.852,0,0.0485,0.991,0.939,0.108,0.0992,97.755,4
232,5HOxiy4lgjyMMpeojbJBAo,RIOPY,Minimal Game,209613,RIOPY,10,2 02 2018,16,0.251,0.238,8,-19.04,1,0.0384,0.92,0.912,0.146,0.301,83.715,4
233,4hIdZR0gBn9UtKsX1MHDOD,Out Of The Woods,Glow,95838,Glow,1,7 01 2022,1,0.326,0.0862,6,-22.141,0,0.033,0.991,0.881,0.107,0.0968,127.987,3
234,6a8U8DihiuewRpRQ2OOCVU,YuMe,Kite,110714,Kite,1,7 02 2020,1,0.531,0.0185,7,-26.074,0,0.0406,0.973,0.893,0.108,0.154,115.907,4
235,5LcFd4nx7r47c7WRptFpXk,I TRAVEL LIGHT,Boundaries,155822,Boundaries,1,26 11 2021,1,0.372,0.185,5,-19.054,0,0.042,0.992,0.892,0.105,0.0773,65.96,4
236,6dIAsIVJfwVYfBwO6bD4tD,Josh Kramer,Köhne,156575,Köhne,1,7 01 2022,1,0.421,0.0532,4,-26.362,0,0.037,0.984,0.909,0.114,0.288,60.411,4
237,3X9SDyUq2Qa4rWPlBL3Qbv,Adrian Kuipers,I Piano Hug You Asleep,207095,I Piano Hug You Asleep,1,7 01 2022,1,0.48,0.0301,0,-24.575,1,0.0562,0.981,0.942,0.0919,0.165,90.159,1
238,29oFfCDtNaQF9q7ilyLpz9,bzur,Memories,120160,Memories,1,7 01 2022,1,0.433,0.0173,9,-28.014,0,0.037,0.98,0.916,0.0974,0.313,95.406,4
239,6DxwSBOOKWzSyYb7HWi3JM,Oscar Mallen,Raining In My Heart,130554,Raining In My Heart,1,7 01 2022,1,0.522,0.101,10,-22.362,0,0.0356,0.989,0.893,0.112,0.0605,118.778,3
240,6DXi01wp7A0J1a68gkrshV,Martèn LeGrand,Dépayser,153250,Dépayser,1,17 12 2021,1,0.369,0.0513,11,-26.458,0,0.0361,0.994,0.904,0.113,0.2,159.88,4
241,0WCvJ3WiD4Plu85DSVOec2,Sacha Hoedemaker,Here and Now,171390,Here and Now,1,3 12 2021,1,0.415,0.0365,3,-25.697,1,0.0456,0.991,0.944,0.103,0.315,94.388,4
242,7uyZDK8rTDvYTvCUQ6gO2e,YARA,Sincere,260303,Sincere,1,10 09 2021,1,0.261,0.143,0,-22.993,1,0.0393,0.98,0.938,0.0807,0.132,99.983,4
243,3IoT7JvosKnSHCAnqO8IRG,DeLange,Impromptu,148699,Contemplations ~ Opus I,4,18 03 2022,11,0.383,0.0238,0,-27.386,1,0.0425,0.994,0.951,0.105,0.176,144.517,4
244,7GmvgjjfTqZatmeSQnE3tD,YARA,Krujë,143733,Out Of Nowhere,7,17 12 2021,7,0.231,0.00934,5,-28.061,1,0.0352,0.985,0.947,0.093,0.393,163.349,4
245,4ump5ZxeXg6J8xOLRHxi5p,15,In Plain Sight,164000,In Plain Sight,1,22 10 2021,1,0.255,0.00578,10,-32.259,1,0.0528,0.993,0.905,0.0998,0.112,126.441,5
246,6rNK7y7Udb8AGPYKw7fEuD,Counting Waves,Unbridled,129108,Unbridled,1,10 12 2021,1,0.529,0.0335,2,-23.162,1,0.0598,0.994,0.946,0.111,0.519,129.115,3
247,17HgIKf24qiE6ybdhtKiJA,Zeevonk,Seamounts,125945,Seamounts,1,26 11 2021,1,0.368,0.0719,9,-25.298,0,0.0316,0.992,0.854,0.0895,0.135,83.119,4
248,7mzL2vHMEfPWpBlPOvapXt,Daniel Ketchum,Phonograph,108447,Phonograph,1,17 12 2021,1,0.241,0.109,5,-25.46,0,0.0335,0.985,0.913,0.145,0.0993,66.332,3
249,1Ehx4lz0xaIwptDT8FpDl8,Yonder,And We Both Know,158214,And We Both Know,1,3 12 2021,1,0.113,0.26,0,-21.231,1,0.0388,0.985,0.93,0.284,0.162,91.397,4
250,0F8to89BuGBn2BuAm1cn5C,Adrian Kuipers,Seasons Of Life,246372,Seasons Of Life,1,10 12 2021,1,0.183,0.124,9,-22.625,0,0.0422,0.872,0.918,0.103,0.037,68.021,4
251,2RNQHKydHXZiXE17xQxYiO,Jacco Wynia,From a dream,172266,From a dream,1,10 09 2021,1,0.375,0.0956,6,-22.794,1,0.0415,0.993,0.911,0.129,0.105,142.711,3
252,2VsxhvEuAS7HUcfi7UkLFW,Oscar Mallen,Next Life,108718,Next Life,1,17 12 2021,1,0.403,0.0165,1,-23.148,0,0.0447,0.994,0.961,0.0949,0.239,75.673,3
253,0KWvJj4iNAtW5dLa2Hbzrd,Ruben Fjellner,Emma,140854,Emma,1,3 12 2021,1,0.475,0.133,4,-25.009,0,0.0372,0.98,0.906,0.0966,0.407,99.893,4
254,5a7pVUuvdVQF4xPvjPCN1v,DeLange,Contemplation No. 2,96716,Contemplation No. 2,1,17 12 2021,1,0.424,0.0397,2,-30.728,1,0.126,0.996,0.947,0.0973,0.404,161.456,4
255,4Js3yartazCbdmqVkdAcqe,Coen Molenaar,"L'Hiver Du Coeur, Pt. 3 (Bonustrack On Upright Piano)",119000,L'Hiver Du Coeur,6,4 02 2022,8,0.605,0.042,2,-26.42,0,0.0401,0.993,0.908,0.109,0.233,114.892,3
256,4cbHwL5iAK5CJ2v0ctSxJW,Holly Jones,Fractal,120161,Fractal,1,10 12 2021,1,0.366,0.00501,5,-31.718,0,0.0475,0.996,0.933,0.116,0.273,78.712,3
257,1lTJ3OSGZ2tG2CBUCgnbhy,Johann Sebastian Bach,"Bach, JS: Suite No. 3 in D Major, BWV 1068: II. Air",218733,Un violon à Paris,2,12 11 2021,22,0.181,0.109,2,-18.235,1,0.0397,0.978,0.000342,0.112,0.211,82.933,4
258,7FP5Zt7YmlZV0HVuDM3H4u,Adelio,Ad Meliora,121196,Ad Meliora,1,17 12 2021,1,0.37,0.00324,0,-30.141,1,0.0391,0.991,0.911,0.0975,0.27,78.711,4
259,0c3zT44Yo8myuBbucEckoT,Jacco Wynia,Rush hour,180784,Rush hour,1,19 11 2021,1,0.31,0.202,5,-22.643,0,0.0323,0.966,0.925,0.146,0.289,182.796,4
260,5ixgouSYpLIkMf2NV5XUty,Philip Glass,Suite from Les enfants terribles: II. The Somnambulist,206520,Piano Chill,3,7 07 2020,32,0.285,0.0505,9,-29.087,0,0.0409,0.984,0.8,0.0693,0.0356,69.991,4
261,6h7sEy8vwh8YzCnrLIOca2,Jean Lucas,Luminous Tunnel,140440,"The Beauty Seems Close, But Is So Far Away",5,5 11 2021,11,0.341,0.242,3,-20.259,1,0.0361,0.893,0.922,0.106,0.351,102.524,1
262,11KaFf7SA4IyGBzcSVXnxA,Stefan Truyman,"Close, Sleep, Dream",184322,"Close, Sleep, Dream",1,31 12 2021,1,0.33,0.0734,0,-25.71,1,0.0409,0.995,0.896,0.106,0.266,208.501,4
263,7uXseNKpmjl9uQneBZA84O,Ron Adelaar,Mistral,106203,Mistral,1,23 07 2021,1,0.397,0.00828,9,-27.853,1,0.0424,0.992,0.947,0.106,0.201,143.466,3
264,7M2mM0qAm8V6qrUQyCGLBI,Anna Sofia Nord,Careful,145349,Careful,1,26 11 2021,1,0.465,0.0361,3,-26.119,1,0.0635,0.995,0.9,0.114,0.174,75.435,4
265,1dfhDxxQSfHhnIvr89mc28,Eric D. Lawrence,Distance,122000,Distance,1,24 12 2021,1,0.165,0.15,5,-25.441,1,0.0471,0.943,0.909,0.125,0.267,91.295,1
266,1FXDJdTmYuXNHEgtJWnucX,Sacha Hoedemaker,Mokum,132897,Mokum,1,29 10 2021,1,0.547,0.0189,4,-26.716,1,0.0597,0.994,0.908,0.0868,0.111,44.622,4
267,37kZuT8JmwMSowV1nOyXtD,DeLange,Polaris,192686,Polaris,1,19 11 2021,1,0.37,0.0338,4,-28.622,0,0.0402,0.994,0.936,0.0841,0.231,100.027,3
268,1Kp9hgMzcDjD4Ko5RtTq78,Ron Adelaar,Nuages,167949,Nuages,1,3 12 2021,1,0.538,0.0116,5,-22.759,1,0.0578,0.993,0.904,0.061,0.296,49.176,3
269,37xYs6sNliAOxdZonEnFVS,Wolfgang Amadeus Mozart,"Mozart: Piano Sonata No. 12 in F Major, K. 332: II. Adagio",291881,"Mozart: Complete Piano Sonatas - Piano Sonata No. 12 in F Major, K. 332: II. Adagio",1,5 11 2021,1,0.391,0.0126,10,-31.978,1,0.0441,0.994,0.915,0.0873,0.204,73.899,4
270,65Txc5ZwCBMSDv6mAWYZHu,Michiel Borstlap,Air,164084,Air,1,12 11 2021,1,0.381,0.0466,9,-27.303,1,0.0452,0.995,0.938,0.0925,0.341,65.176,4
271,14y9gARLW17fj0cBEfgFXq,Josh Kramer,Eksik,160454,Eksik,1,26 11 2021,1,0.332,0.141,7,-23.943,1,0.0291,0.966,0.898,0.103,0.155,84.069,4
272,06cn5s6W7vwQitlyzo0vvu,Pink Swan,First Day,82360,First Day,1,16 07 2021,1,0.537,0.134,6,-18.437,1,0.0377,0.968,0.207,0.121,0.556,160.141,3
273,60KQ8N5J4LB5zkVBdzV3ad,Adelio,Deo Volente,160500,Deo Volente,1,5 11 2021,1,0.377,0.0555,9,-24.785,0,0.0593,0.994,0.938,0.095,0.342,78.346,4
274,459Nez7ejWI0ZOhzeeyXBp,Yonder,Waterfalls,175048,Waterfalls,1,5 11 2021,1,0.224,0.0292,1,-24.463,0,0.0493,0.995,0.916,0.186,0.151,69.422,3
275,02F5ulqCchevVB278HIim9,Pink Swan,Limitless,328348,Limitless,1,19 11 2021,1,0.206,0.0243,9,-25.403,0,0.041,0.989,0.933,0.0766,0.205,58.358,3
276,7kMp8QBMQyqlxUR1muhQlC,Coen Molenaar,"L'Hiver Du Coeur, Pt. 4 (Bonustrack On Upright Piano)",168000,L'Hiver Du Coeur,8,4 02 2022,8,0.445,0.0311,4,-25.586,1,0.0549,0.989,0.929,0.127,0.112,126.597,4
277,46czYABJ8JjX8d8Y6UfBdI,North [Sic],El Cabanyal,161625,El Cabanyal,1,29 10 2021,1,0.638,0.115,9,-25.334,0,0.0617,0.994,0.912,0.112,0.167,120.165,3
278,4eHZ3g5w986A1DvsL6wdpq,Zeevonk,Helmgras,154754,Helmgras,1,29 10 2021,1,0.344,0.0571,0,-29.41,0,0.0354,0.992,0.866,0.0979,0.231,77.514,4
279,6MclraUvXazroZxxEP6Cqb,DeLange,Trocadéro,262385,Contemplations ~ Opus I,5,18 03 2022,11,0.375,0.034,3,-24.24,1,0.0771,0.994,0.937,0.112,0.176,206.24,4
280,7xYFoMTtdlx2GmK0sopL0T,Adrian Kuipers,Home,237092,Home,1,19 11 2021,1,0.5,0.0251,0,-25.102,1,0.0564,0.987,0.957,0.107,0.12,127.25,3
281,7KPVQu1bk65qdcrZ6NXFC8,Ron Adelaar,Adieu,135419,Adieu,1,19 11 2021,1,0.47,0.0384,7,-26.481,1,0.0537,0.996,0.86,0.109,0.392,140.375,4
282,4cwcdSrubh1Hq5YyOZuIoJ,I TRAVEL LIGHT,Blossom,246252,Blossom,1,29 10 2021,1,0.181,0.258,6,-17.438,0,0.0457,0.969,0.899,0.112,0.0479,90.192,3
283,5mDgdd2ssgfKEupU7ijeXK,Martèn LeGrand,Alone Or All One,302160,Find Calm,7,18 02 2022,12,0.303,0.079,9,-19.412,0,0.0517,0.992,0.936,0.0997,0.163,79.945,4
284,2hsYfmLXWdRWqB2i4LAhp1,YARA,My Hands,237007,My Hands,1,12 11 2021,1,0.333,0.00527,0,-30.864,1,0.0343,0.995,0.916,0.0955,0.126,77.249,4
285,2Lyatyn9DofglVY1jkVEX1,Tom Van de Venne,Enchantment,269163,Enchantment,1,8 10 2021,1,0.66,0.352,9,-13.533,0,0.0726,0.981,0.94,0.108,0.105,100.021,4
286,1W6sLc9T70xKAueYvGMHwa,Ron Adelaar,Fleurs d'automne,102484,Fleurs d'automne,1,29 10 2021,1,0.463,0.0263,5,-25.771,1,0.0439,0.993,0.942,0.0973,0.206,135.077,3
287,78FM8RL21qznI4xA2Yqtix,Dario Crisman,After The Rain,149078,After The Rain,1,29 10 2021,2,0.367,0.043,0,-23.35,1,0.0424,0.988,0.921,0.138,0.0778,136.026,3
288,1VNvO7sa8KAKELefqU8BDl,Aksel Krystad,Retain,163829,Retain,1,19 11 2021,1,0.402,0.066,0,-27.438,1,0.0383,0.988,0.918,0.113,0.182,112.595,3
289,5hwIWAzb3TVKIRrVFe4o4x,Adrian Kuipers,Come Back (Raw Recording In 432 Hz),142280,Come Back (Raw Recording In 432 Hz),1,22 10 2021,1,0.298,0.136,9,-17.651,0,0.057,0.993,0.87,0.083,0.0981,78.027,1
290,6jAQdK7lbclgMKQ97GmR6i,Franz Schubert,"Schubert: Moments musicaux, Op. 94, D. 780: No. 3 in F Minor",112493,"Schubert: 4 Impromptus, D. 899 & 6 Moments musicaux",11,22 10 2021,14,0.55,0.0339,5,-27.483,0,0.0405,0.996,0.933,0.0873,0.386,91.385,4
291,1HfzZRhnjyM3Me2W0ydQhy,Ron Adelaar,Andante,99272,Andante,1,7 02 2020,1,0.479,0.0122,7,-23.26,1,0.0442,0.992,0.95,0.11,0.306,72.466,4
292,0bwErWttBRSbmZvykKLWfG,DeLange,Pleiades,179963,Pleiades,1,15 10 2021,1,0.581,0.0594,0,-26.717,0,0.0511,0.995,0.949,0.102,0.243,129.473,1
293,5LHsps6yM7U1ogxSQpEsxM,Barry Hudson-Taylor,Postcards,155125,Postcards,1,22 10 2021,1,0.448,0.166,5,-19.624,1,0.0379,0.979,0.914,0.113,0.351,109.479,4
294,4bkIaH7A7DG4ynH7lMY2PL,Alstad,Letting You Go,149833,Letting You Go,1,8 10 2021,1,0.417,0.00515,9,-25.053,1,0.0445,0.991,0.924,0.117,0.191,125.499,5
295,1Y4Z25ILCJ2QlOeeaxEFnn,Mikael Oterhals,Vacker,176983,Vacker,1,22 10 2021,1,0.303,0.0687,7,-26.355,0,0.0379,0.994,0.888,0.159,0.183,149.058,4
296,48ozVyf0rxD2Dfokkm4ZdG,Pink Swan,In Between The Dark And Light,266198,In Between The Dark And Light,1,8 10 2021,1,0.378,0.0202,6,-24.62,1,0.0513,0.994,0.85,0.122,0.345,68.064,3
297,7mcPqBUHml77xY5RfM0ecF,Johann Sebastian Bach,"Bach, JS: Goldberg Variations, BWV 988: Aria",312253,"Bach, JS: Goldberg Variations BWV 988: Aria",1,15 10 2021,1,0.277,0.0099,7,-31.727,1,0.0447,0.995,0.908,0.0608,0.189,75.941,4
298,04sY6I7jwWcQzFTbCBqN64,Franco Robert,The Moon Tells Me a Secret,110465,The Moon Tells Me a Secret,1,12 11 2021,1,0.56,0.0292,4,-28.316,0,0.0359,0.993,0.932,0.081,0.171,87.565,3
299,4cGKVwV5zyzWkZ24NIjACt,Ron Adelaar,Above The Clouds,117712,Above The Clouds,1,15 10 2021,1,0.348,0.0415,9,-26.768,0,0.0651,0.995,0.949,0.0923,0.305,184.863,4
300,31IUuZEPubpKyDY4lqKBo6,YARA,One Wing,125800,One Wing,1,15 10 2021,1,0.38,0.0463,3,-29.616,1,0.0343,0.994,0.931,0.151,0.348,89.061,4
301,5eRABkMT7Qnnw6XQgVesyU,Out Of The Woods,Sky Wheel,165294,Sky Wheel,1,15 10 2021,1,0.314,0.107,0,-23.937,0,0.0389,0.991,0.884,0.0819,0.145,137.922,3
302,0fHo89AiSS0X3ycHHKnIoU,Michiel Borstlap,Water,152068,Water,1,15 10 2021,1,0.316,0.0617,5,-28.556,0,0.0496,0.995,0.93,0.116,0.19,70.132,3
303,4SdYouir6PMejqqE3B9WqE,Jean Lucas,2016,270093,2016,1,1 10 2021,1,0.372,0.0542,7,-23.856,0,0.0414,0.956,0.94,0.105,0.0343,109.256,4
304,4MEQkYg6D715wDzzm5r5K6,Nolan Khan,Minuit à Paris,134466,Minuit à Paris,1,8 10 2021,1,0.464,0.0586,2,-24.762,0,0.046,0.992,0.958,0.0918,0.372,119.581,3
305,6cwjlkOqUP03x3bKNnAFVM,Ron Adelaar,Spaces,87445,Spaces,1,1 10 2021,1,0.469,0.0246,7,-26.953,0,0.0377,0.993,0.882,0.12,0.367,98.155,4
306,3Kxk2coQTg8JFXJrcjAYZT,Sacha Hoedemaker,Cuna,189227,Cuna,1,24 09 2021,2,0.301,0.0168,9,-26.85,1,0.0364,0.977,0.963,0.0731,0.045,65.585,4
307,4QMnY8yCam7Gjuo3DdRMA7,Javi Lobe,Time Of Loneliness,170500,Time Of Loneliness,1,17 09 2021,1,0.381,0.0218,2,-27.422,1,0.046,0.994,0.941,0.079,0.34,134.062,4
308,77UkJO0EKrR4GHko7WsOEB,Adrian Kuipers,Breath Hold,108256,Breath Hold,1,24 09 2021,1,0.237,0.01,9,-28.81,0,0.0301,0.981,0.95,0.0901,0.104,81.319,4
309,4hz8dBDxv3khizVVSmCX3G,Friedrich Gulda,Aria,294000,Tribute to Gulda,3,24 09 2021,10,0.206,0.0104,2,-32.569,1,0.0416,0.992,0.935,0.103,0.0392,182.377,4
310,1eTMJio99kiOQwr74oGPc9,Josh Kramer,Distant,131059,Distant,1,1 10 2021,1,0.228,0.0659,2,-20.821,1,0.0419,0.991,0.951,0.109,0.279,168.48,3
311,0eyQueQWn2ckMrFXRKvGV8,Andrea Morricone,Morricone: Cinema Paradiso: Childhood and Manhood,140453,Un violon à Paris - Cinema Paradiso: Childhood and Manhood,1,15 10 2021,3,0.248,0.118,10,-18.366,1,0.0411,0.976,0.697,0.0953,0.132,77.177,4
312,4Ar1WA7IsWHhxkDRgKWo4t,Ron Adelaar,Sorrow,176284,Sorrow,1,17 09 2021,1,0.468,0.0151,5,-29.485,1,0.0483,0.995,0.936,0.104,0.401,105.003,4
313,0pPCPFOOYEKMxlYhH3blQ4,Antonín Dvořák,"Dvorák / Transc. Lenaerts: Rusalka, Op. 114, Act 1: Song to the Moon",353053,"Vienna Stories - Rusalka, Op. 114, Act 1: Song to the Moon (Transc. Lenaerts)",1,27 08 2021,1,0.3,0.0268,6,-26.397,1,0.0403,0.989,0.912,0.0864,0.0394,168.235,4
314,6Ky9cixiNakoE7TUiuwh7c,Pink Swan,Queen of the Lake,368238,Queen of the Lake,1,17 09 2021,1,0.407,0.034,5,-25.566,0,0.0399,0.993,0.923,0.156,0.0884,72.55,3
315,4VpwWrDQXtryZiHkRP4hfK,Merlijn Snitker,True Love,138594,My Best Friend Anne Frank (Original Motion Picture Soundtrack),6,9 09 2021,16,0.141,0.0762,10,-24.787,1,0.0431,0.99,0.944,0.0847,0.0392,82.851,1
316,5eWWzBTg0AVN2J63EeqfzH,Zeevonk,Caught By The Wind,146036,Caught By The Wind,1,24 09 2021,1,0.381,0.0387,1,-30.347,1,0.0398,0.993,0.905,0.103,0.306,76.778,3
317,4Tzhr9FMbOsqNHQYc0i0mf,Maxence Cyrin,Larmes glacées,203973,Aurora,3,6 03 2020,16,0.388,0.238,4,-17.414,0,0.0319,0.987,0.93,0.124,0.128,100.032,4
318,1JonBAmA4NzzwnTqFijTOe,César Franck,"Franck: Prélude, Fugue et Variation, Op. 18, FWV 30: Prélude",214466,"The Proust Album - Franck: Prélude, Fugue et Variation, Op. 18: Prélude",1,24 09 2021,2,0.324,0.0357,11,-27.164,0,0.0474,0.996,0.895,0.0652,0.193,73.68,3
319,0tZfPF6fHTz6oHKS3rHgBB,Adelio,Piano Mantra At 432 Hz Capitulum IV,150000,Piano Mantra At 432 Hz Capitulum IV,1,17 09 2021,1,0.278,0.00149,0,-30.191,1,0.0509,0.994,0.951,0.11,0.173,66.73,5
320,4sKDdeCwy7XPYt1kokcvmB,Sacha Hoedemaker,Valse Germaine,151796,Valse Germaine,1,27 08 2021,1,0.523,0.0308,0,-25.223,0,0.0777,0.992,0.955,0.105,0.112,72.642,3
321,5Co7bsBCcpk4LapEtEpFFL,15,Luna,230000,Luna,1,6 11 2020,1,0.368,0.0153,9,-28.511,0,0.0453,0.995,0.92,0.102,0.116,124.461,3
322,79FhCaNzIemK2DSibOmErj,João Balouta,Dream,150085,Dream,1,24 09 2021,1,0.334,0.0512,10,-19.13,0,0.0492,0.993,0.903,0.111,0.151,128.628,4
323,35bfCo1peMNIjrsrMPm7Aw,Vladimir Martynov,Vladimir Martynov: The Beatitudes,326786,Music of Vladimir Martynov,1,6 01 2012,4,0.103,0.114,10,-20.098,1,0.0456,0.931,0.787,0.141,0.0488,89.754,4
324,66M6mxwGxOjUQJyPBeSXBU,DeLange,Berlin,289237,Berlin,1,23 07 2021,1,0.282,0.161,10,-26.923,1,0.0712,0.993,0.876,0.0738,0.243,171.333,3
325,55NXU6KkO9PkYE94vINvWH,Gabriela Montero,Montero: Beyond Bach:,265706,Bach and Beyond,3,1 05 2006,15,0.281,0.0422,2,-23.163,0,0.0347,0.994,0.942,0.0744,0.0579,78.412,4
326,14sKAbkXofaqoVmEP52Ire,Muriël Bostdorp,Nocturne,152137,Nocturne,1,1 10 2021,1,0.439,0.0359,10,-27.508,1,0.0577,0.996,0.94,0.107,0.0775,107.353,4
327,3AdRM4QJ1MkUlXqlclvQgZ,Jean Lucas,LA,247400,LA,1,4 06 2021,1,0.419,0.0334,5,-22.151,0,0.0441,0.977,0.895,0.0776,0.0391,111.273,4
328,2dIDXV4Hz9HSfaSchwMlRk,GUIDO,Eva's Bucketlist,68580,Liefde Zonder Grenzen (Original Motion Picture Soundtrack),4,11 10 2021,24,0.391,0.00688,0,-29.444,1,0.0372,0.995,0.898,0.138,0.252,103.481,4
329,5qY0DKB7qYMHAw5qSFAUs9,Justin Hurwitz,Hurwitz / Arr. Bouchard: La la land: Mia and Sebastian's Theme,161080,Plus d'émotions,2,2 07 2021,5,0.222,0.0775,11,-21.517,0,0.0439,0.973,0.832,0.097,0.149,121.265,1
330,5ccHob3neg5ciFjZpwSLif,Wings for Louise,Lucie,137142,"Lights, Slow Places",1,24 09 2021,4,0.187,0.0233,3,-28.782,1,0.0369,0.991,0.807,0.112,0.121,82.643,4
331,043gKm0VHg2tcJogeGDNPH,Alstad,That Morning on the Beach,187500,That Morning on the Beach,1,4 06 2021,1,0.377,0.018,7,-26.096,0,0.0402,0.99,0.907,0.119,0.169,125.692,4
332,5vEVDuYlXrHEkLYIztU722,RIOPY,Bee,132546,Bliss,1,2 07 2021,11,0.264,0.267,0,-16.947,1,0.0407,0.984,0.917,0.105,0.117,81.525,4
333,5Zp1QBSyZbfggs3pf08nri,Johann Sebastian Bach,"Bach, JS / Arr. Kempff: Flute Sonata No. 2 in E-Flat Major, BWV 1031: II. Siciliano",233453,"Bach & Beethoven - Bach: Flute Sonata No. 2 in E-Flat Major, BWV 1031: II. Siciliano (Arr. for Piano by Kempff)",1,14 05 2021,1,0.363,0.0446,7,-33.317,0,0.0493,0.995,0.9,0.0683,0.371,101.384,4
334,5vgNimT0hzuEm9E6ZhSMyN,Matteo Myderwyk,Waltz For Waving Starlings,157870,Notes of Longing,9,17 09 2021,13,0.305,0.167,10,-19.799,1,0.0368,0.987,0.942,0.105,0.163,98,4
335,32X87bmE4GlxY8pz6V2Nt4,Adrian Kuipers,Inner Flame,187996,Inner Flame,1,27 08 2021,1,0.298,0.0768,9,-27.359,0,0.0437,0.991,0.936,0.075,0.131,148.876,4
336,1zFkdQz9JTr02jBEekVp8e,Barry Hudson-Taylor,Solitude,202822,Solitude,1,27 08 2021,1,0.341,0.0823,5,-23.922,0,0.0377,0.981,0.881,0.114,0.0396,111.17,5
337,4IyEmEb8cY23KFyqEIqlzy,Philip Jerne,Aura,173162,Aura,1,13 08 2021,1,0.595,0.0336,4,-28.536,0,0.0363,0.995,0.923,0.0755,0.379,110.415,4
338,45RSaYVNGZhdpjbqcAukYI,RIOPY,Sweet awakening,155946,Sweet awakening,1,18 06 2021,1,0.408,0.0877,9,-19.623,0,0.0388,0.991,0.923,0.107,0.123,75.115,4
339,6a9DN96EWRc56Lwl5YD7KL,YuMe,Balloon,143212,Balloon,1,1 05 2020,1,0.328,0.00533,5,-29.14,1,0.0351,0.986,0.936,0.12,0.0381,72.485,3
340,3GZhHHC8YtPWJoUcfLpTfv,Matteo Myderwyk,Evening Song,152929,Evening Song,1,25 06 2021,2,0.219,0.0531,9,-26.061,0,0.0378,0.994,0.936,0.0726,0.113,190.593,3
341,6fhgV71CoITbPw4otggF7h,Ron Adelaar,Balance,86292,Balance,1,20 03 2020,1,0.497,0.117,2,-20.088,0,0.0614,0.987,0.947,0.109,0.0862,72.5,3
342,7DRMY6fqPohP2ZYWAc0api,I TRAVEL LIGHT,Elixir,150794,Elixir,1,18 06 2021,1,0.368,0.0477,3,-24.182,1,0.052,0.988,0.925,0.226,0.16,124.953,3
343,5ekzdAVbIxsy7lrFop0OI6,Jacco Wynia,Puur,203681,Puur,1,2 07 2021,1,0.323,0.0483,8,-28.433,1,0.0373,0.988,0.91,0.108,0.27,164.003,4
344,1evMxzm6ALYVrMuL6zvA7w,Adelio,Piano Mantra At 432 Hz Capitulum III,123331,Piano Mantra At 432 Hz Capitulum III,1,13 08 2021,1,0.59,0.0424,10,-24.222,0,0.042,0.995,0.92,0.138,0.213,122.341,4
345,2FiaLkA84tqOENo6RnpO6S,Adrian Kuipers,Through Clouds,156044,Through Clouds,1,25 06 2021,1,0.243,0.127,9,-24.257,0,0.041,0.945,0.918,0.109,0.0391,82.533,4
346,5xYfEr5K3ElA579GiEG6bO,I TRAVEL LIGHT,Meadow,113803,Locations,5,23 07 2021,5,0.299,0.0613,9,-26.114,0,0.043,0.993,0.909,0.108,0.133,128.355,4
347,4kS8r2FYzkJlY3AU1pzJ2d,Antonio Pinto,Nine Pianos,132573,Nine Days,8,9 07 2021,19,0.336,0.146,9,-22.099,0,0.053,0.984,0.914,0.0845,0.0746,118.649,3
348,6ZkWwMg4VWHq3Cr72WKujA,Zeevonk,Zeevonk,133458,Zeevonk,1,20 08 2021,1,0.372,0.0448,7,-28.13,0,0.0379,0.993,0.933,0.182,0.132,133.77,4
349,135YvfJTQSpHZFPJSL5Iyc,Javi Lobe,A Never Ending Cycle,190000,A Never Ending Cycle,1,20 08 2021,1,0.487,0.0441,7,-25.204,1,0.0516,0.995,0.941,0.0828,0.214,113.473,4
350,5GQbKcvUFTfAAhZWtpdQkX,Jonas Gewald,Saying Nothing,148619,Saying Nothing,1,13 08 2021,1,0.332,0.0508,5,-29.428,1,0.0401,0.984,0.922,0.111,0.149,111.805,4
351,1WHpyc7dgqUGWlPuCE1DN0,Ron Adelaar,Première,100909,Première,1,21 02 2020,1,0.318,0.037,9,-25.365,0,0.0483,0.988,0.882,0.0933,0.112,126.461,3
352,5N9UY3MPBiodI1UxllCxki,Pink Swan,The Case Of The Pink Swan,297233,The Case Of The Pink Swan,1,13 08 2021,1,0.429,0.0441,0,-24.869,0,0.0365,0.991,0.925,0.0977,0.23,72.023,5
353,0YsUrNcLq9DJJ11tJ2eYkk,YARA,Drøm,180485,Another New World,3,2 07 2021,4,0.331,0.0364,7,-23.705,0,0.0375,0.994,0.94,0.0984,0.205,135.769,4
354,0cLtIxxZubLAcCJWObCRwa,Soetkin Milbouw,The Oaktree,109500,The Oaktree,1,27 08 2021,1,0.262,0.00453,9,-25.364,0,0.0464,0.99,0.955,0.104,0.105,68.915,1
355,1BmyEFYqOvbsjyF0Oo8JHR,Jean Lucas,Equality,267933,Equality,1,6 08 2021,4,0.371,0.0287,10,-23.384,1,0.0482,0.974,0.908,0.111,0.0958,69.101,4
356,6Aybz0jrGi8gZfCiumCZvf,Adrian Kuipers,That's Life,113911,That's Life,1,30 07 2021,2,0.229,0.0495,5,-23.869,1,0.0567,0.975,0.952,0.109,0.0399,78.287,4
357,3AH1PCDt5UyHYD1tMhKex2,Adelio,Piano Mantra At 432 Hz Capitulum II,106285,Piano Mantra At 432 Hz Capitulum II,1,16 07 2021,1,0.44,0.0264,0,-28.091,1,0.0447,0.995,0.835,0.0934,0.16,111.317,3
358,3qoQDMluy90G601mIRrz5h,Sacha Hoedemaker,Reflection,157100,Reflection,1,23 07 2021,1,0.539,0.038,6,-25.519,1,0.134,0.995,0.959,0.115,0.304,67.07,3
359,0f1HHfpchlHOP07NFhduI0,Sharon Lynn Makarenko,Nyhavn,182171,Nyhavn,1,2 07 2021,1,0.463,0.0173,2,-21.205,1,0.0543,0.991,0.949,0.108,0.098,132.069,5
360,2z288mvh7s8FcWFVpTtoVZ,15,Fragile,142000,Fragile,1,25 06 2021,1,0.365,0.0733,7,-30.261,0,0.0388,0.976,0.937,0.125,0.035,129.346,4
361,0kLf0IMqAQQVnp5CylxAO7,Holly Jones,And Then It Rained,124411,Ephemeral,2,2 07 2021,2,0.361,0.0215,3,-28.601,1,0.0509,0.995,0.92,0.14,0.216,114.987,3
362,1O4KA1F034IliMbZv4bUph,Modest Mussorgsky,Pictures at an Exhibition: The Old Castle/ Il vecchio castello,258440,Mussorgsky: Pictures Reframed,4,26 10 2009,32,0.244,0.00222,1,-37.414,1,0.0484,0.993,0.855,0.0871,0.053,166.311,3
363,4UVVidJrb2HnNlV4cz1erd,Matteo Myderwyk,Intermission,99170,Notes of Longing,1,17 09 2021,13,0.382,0.0149,10,-22.792,0,0.0418,0.991,0.941,0.138,0.16,64.831,4
364,3dZgZCkCZC0uPAHvXxkSnY,North [Sic],REEPERBAHN,133747,REEPERBAHN,1,2 07 2021,1,0.524,0.00583,10,-19.882,1,0.0501,0.993,0.935,0.107,0.291,69.263,5
365,7y7FAQLphjht4ltsC0wDRQ,Adrian Kuipers,Father,179411,Father,1,28 05 2021,1,0.523,0.0207,9,-22.837,1,0.0748,0.956,0.93,0.114,0.0535,124.134,3
366,3QFo47lEnPnnVBSCljEi4j,Ruud Jan Bos,This is final,162805,Cinematic Music For An Imaginary Movie,13,20 08 2021,17,0.687,0.0414,11,-19.8,0,0.0697,0.985,0.952,0.0628,0.247,74.26,4
367,2QV0SPhmLDd9jqshZRnLY5,James Quinn,A Gentle Sunlight,117625,A Gentle Sunlight,1,10 09 2021,1,0.317,0.0349,8,-30.853,1,0.037,0.993,0.806,0.117,0.12,74.547,4
368,29fUV9kIzhANaC46N3unc1,North [Sic],FRANKFURT AM MAIN,220683,FRANKFURT AM MAIN,1,3 09 2021,1,0.628,0.0803,7,-23.446,1,0.046,0.961,0.925,0.108,0.125,96.036,3
369,0m8KfM9nSHv1ufp3Juog8C,YARA,Vida,168927,Vida,1,28 05 2021,1,0.321,0.0398,10,-25.161,1,0.0376,0.995,0.95,0.176,0.248,140.335,1
370,236xtqYRJVTZOZcZ5oe0mb,DeLange,Prelude,178380,Prelude,1,10 09 2021,1,0.323,0.0327,0,-25.705,0,0.0466,0.994,0.937,0.179,0.143,170.529,4
371,3CRXUxFedFv42Jwltx6rBV,Robert Schumann,"Kinderszenen, Op. 15: I. Von Fremdem Ländern Und Menschen",124729,Work - Schumann,2,25 01 2021,122,0.356,0.0054,7,-34.691,1,0.0503,0.996,0.926,0.0706,0.204,139.378,3
372,1xxGFoWAOXbbtKImT5n6b7,Ron Adelaar,Bloom,130345,Bloom,1,18 09 2020,1,0.434,0.0124,4,-23.115,0,0.0384,0.988,0.946,0.1,0.11,94.293,4
373,7ndBpqXHQdzAunxplXtzPZ,Sacha Hoedemaker,Remembrance,168515,Remembrance,1,11 06 2021,2,0.221,0.0384,9,-22.202,0,0.0373,0.986,0.858,0.127,0.0457,200.42,3
374,57QzfVlz4aVAYXRZlFVA4L,Jean Lucas,La Balade,316720,La Balade,1,9 07 2021,1,0.236,0.0868,10,-25.58,1,0.0482,0.936,0.897,0.0924,0.0585,101.693,4
375,0h56mrNPveaNhX8ht0d0dB,North [Sic],EBERTPLATZ STATION,145636,EBERTPLATZ STATION,1,4 06 2021,1,0.576,0.0127,0,-23.699,1,0.0909,0.987,0.934,0.104,0.0889,135.659,4
376,15iKTR8iv3SML4gBmNrAib,RIOPY,Lullaby,206760,Lullaby,1,21 05 2021,1,0.646,0.0897,6,-19.288,1,0.0306,0.989,0.912,0.11,0.0546,82.003,4
377,0yjubljoh9Bqsu8dx7y23i,Aleksander Debicz,The Island,242360,Cinematic Piano,9,11 05 2015,12,0.221,0.0825,9,-29.396,0,0.0382,0.975,0.945,0.0943,0.117,66.741,4
378,4ze7i0x71IYaRMczRb4iTX,Martin Kohlstedt,XEO,242328,XEO,1,25 09 2020,2,0.437,0.133,0,-20.449,0,0.0335,0.978,0.92,0.119,0.165,103.997,4
379,5mXi3Ii35peDgOwTQ8BTBM,Jean Lucas,We Were Saving The World (In Your Summer Dress),204960,We Were Saving The World (In Your Summer Dress),1,3 09 2021,5,0.411,0.0458,2,-23.339,1,0.0413,0.988,0.937,0.0889,0.0371,111.507,4
380,6GhSWUWoeqjNWALggqrlL5,Frédéric Chopin,"Chopin: 12 Études, Op. 25: No. 1 in A-Flat Major, ""Aeolian Harp""",161066,"Chopin: 12 Études, Op. 25 & 4 Scherzi - 12 Études, Op. 25: No. 1 in A-Flat Major, ""Aeolian Harp""",1,21 05 2021,1,0.248,0.0399,8,-25.398,1,0.0355,0.98,0.899,0.0762,0.0353,99.527,3
381,7Mr1Z0tuJZgS109fGcBuRh,I TRAVEL LIGHT,Leeloo,134716,Leeloo,1,14 05 2021,1,0.355,0.0857,1,-24.297,1,0.0419,0.992,0.917,0.108,0.0684,114.557,4
382,6VOEirlbSe6jCgUPaNx4Co,Modest Mussorgsky,"Duma [Rêverie], on a theme of V.A. Loginov",277266,Mussorgsky: Pictures Reframed,18,26 10 2009,32,0.329,0.00309,3,-38.842,0,0.051,0.993,0.968,0.0984,0.063,132.926,4
383,4IhWvXjIAsmM7FIF4T73OH,BLKBOK,"November 7th, 2020",256239,Black Book,7,18 06 2021,12,0.336,0.231,11,-19.273,1,0.0406,0.989,0.923,0.115,0.261,149.388,3
384,0Qaz8ffbKKJFTjbqDE6b5Y,Nolan Khan,Moonlight Avenue,124168,Moonlight Avenue,1,10 09 2021,1,0.344,0.0146,3,-27.465,0,0.0408,0.994,0.946,0.106,0.55,106.599,4
385,25F6RprytALBbdOhlI1O9a,Omer Klein,Najara,254825,Najara,1,11 06 2021,1,0.415,0.183,4,-22.155,0,0.0568,0.994,0.91,0.0792,0.0996,85.645,4
386,3x9YWYWfA4pJGINnInGolP,Adrian Kuipers,Birth,150000,Birth,1,3 04 2021,1,0.202,0.0802,1,-26.951,1,0.0486,0.862,0.942,0.116,0.0928,76.61,4
387,2r5lNgEotK2xCKDKT4yYjw,RIOPY,Sweet dream,197573,Sweet dream,1,30 04 2021,1,0.289,0.0937,1,-20.273,1,0.0279,0.986,0.866,0.0885,0.168,87.279,4
388,0mtmlJQkHpw5k6DzxeAtUT,Vincent Corver,Solace,122836,Solace,1,6 08 2021,1,0.483,0.0187,3,-21.464,1,0.0501,0.994,0.936,0.142,0.289,128.268,4
389,0W6NuC8I8VpBDoWjBQoO6P,YARA,Ecrire,234309,Ecrire,1,19 03 2021,1,0.495,0.0375,2,-22.229,0,0.0346,0.992,0.925,0.122,0.304,79.929,4
390,408QQcOFvvihyw3XM7K4gA,Alstad,It Came Upon A Midnight Clear,152583,Peaceful Christmas 2021,12,5 11 2021,14,0.441,0.0246,5,-25.95,1,0.0512,0.993,0.947,0.106,0.345,123.052,3
391,57p7J7Vzp5u8quzKQp41Uo,Camille Saint-Saëns,"Saint-Saëns / Arr. Godowsky: Le carnaval des animaux, R 125: XIII. Le cygne",169333,Autograph,12,21 10 2013,23,0.323,0.035,6,-25.865,1,0.0329,0.992,0.913,0.115,0.0634,69.682,4
392,2wlUU8uTvjeCetz0EyeF5M,Carlos Cipa,Today and it’s gone (Munich Session),258000,Today and it’s gone (Munich Session),1,19 02 2021,1,0.3,0.0296,4,-25.094,0,0.0355,0.975,0.913,0.0786,0.0798,68.118,4
393,5EGlELKyjM2NjTzISkEiQr,15,Motions,138000,Motions,1,19 02 2021,1,0.268,0.0277,4,-32.835,0,0.0412,0.991,0.927,0.11,0.163,73.605,4
394,75foVvPxQjFn6o6vU6CSeS,RIOPY,Noah,167880,Noah,1,5 02 2021,1,0.473,0.0457,6,-20.132,1,0.0323,0.981,0.933,0.105,0.125,64.67,4
395,6YW4GBb0icukgezvTwlrXo,Louis Mercier,Ceci n'est pas une Valse,105721,Peaceful Christmas 2021,8,5 11 2021,14,0.543,0.0421,7,-24.46,1,0.0418,0.995,0.942,0.102,0.318,54.835,5
396,5ZhPQEsWPNYu9ud64sn76q,Ron Adelaar,Cradle Song,116835,Peaceful Christmas 2021,9,5 11 2021,14,0.542,0.0351,8,-26.532,1,0.0472,0.993,0.963,0.116,0.196,39.35,4
397,5chao8hfbTSpDzoBjmhBCs,RIOPY,Joy,143973,Joy,1,8 01 2021,1,0.295,0.207,8,-18.213,1,0.0358,0.992,0.931,0.164,0.112,98.39,4
398,6hmoQGtGtPOP9Z9MiBaKTD,North [Sic],1145 IN MUNICH,176844,1145 IN MUNICH,1,6 08 2021,1,0.667,0.123,5,-21.547,1,0.0442,0.986,0.922,0.111,0.0493,101.959,4
399,1Hred2x5TcWVYnWmPo7PiT,Wolfgang Amadeus Mozart,"Mozart: Piano Sonata No. 18 in D Major, K. 576: II. Adagio",354133,Mozart: Complete Piano Sonatas and Variations,11,2 08 2013,213,0.413,0.0297,9,-30.01,1,0.0527,0.993,0.908,0.134,0.129,72.483,4
400,1r4WBThE73UfrbmKvD1RBH,Jean Lucas,Life Cycle (human),303706,Life Cycle (human),1,7 05 2021,1,0.262,0.173,2,-20.825,1,0.0455,0.976,0.893,0.0942,0.0395,138.313,3
401,1YcABWwgkfrOSw8VMgDWZU,Carlos Cipa,My fellow creatures,205493,"Correlations B-Sides (on Yamaha Upright, 1981)",4,20 11 2020,4,0.321,0.00611,4,-38.341,0,0.0362,0.995,0.908,0.09,0.0693,104.311,4
402,6tThNZ9TRe4CgYeKzD4AR0,YARA,Skyer,165860,Skyer,1,30 04 2021,1,0.374,0.0518,7,-23.125,0,0.0398,0.988,0.932,0.0965,0.359,118.842,3
403,4N6f3Nv6CfeiJsmfhSCokt,RIOPY,La Vernatelle,170346,La Vernatelle,1,30 10 2020,1,0.162,0.199,9,-18.336,0,0.0327,0.966,0.916,0.103,0.148,180.694,3
404,4nip1Ydpou7LCMdAhftGFh,Alain Lefèvre,"Lefèvre: Dernier souffle, Pt. 2",268026,"Op. 7: Preludes - Dernier souffle, Pt. 2",1,6 11 2020,1,0.392,0.0277,5,-23.36,1,0.0502,0.993,0.816,0.0672,0.0451,110.899,4
405,7lIJ3I1ZY2FCwe21uSIAzb,Ron Adelaar,Echoes Of Life,137397,Echoes Of Life,1,6 08 2021,2,0.474,0.0133,10,-27.539,0,0.049,0.993,0.949,0.0984,0.209,133.229,1
406,0iCopFhTWEvevNKwXOOSgx,Matteo Myderwyk,Lullaby,158339,Notes of Longing,12,17 09 2021,13,0.497,0.0055,7,-27.355,0,0.0452,0.995,0.943,0.124,0.0538,50.064,4
407,6p1kvesAFVWEGy4V2l7ecB,15,Infinityplusone,170000,Infinityplusone,1,18 12 2020,1,0.237,0.00303,0,-35.785,1,0.0501,0.968,0.924,0.144,0.117,70.531,5
408,23DfSN10zAP8z4RcJVdsOV,Adelio,Piano Mantra At 432 Hz Capitulum I,153000,Piano Mantra At 432 Hz Capitulum I,1,18 06 2021,1,0.729,0.256,9,-21.863,0,0.0504,0.993,0.916,0.0808,0.262,160.02,4
409,4R7slwBVPNojCD9m9tz8UM,I TRAVEL LIGHT,Vézelay,144466,Vézelay,1,11 12 2020,1,0.349,0.0319,7,-23.1,0,0.0473,0.993,0.959,0.113,0.0754,68.241,4
410,5hhCCxgvG54e7uKmoeW6ok,Cyril Scott,"Scott: Lotus Land, Op. 47 No. 1",220600,Horizons,19,12 09 2006,23,0.322,0.0103,3,-27.832,0,0.0452,0.992,0.929,0.0936,0.0314,65.722,3
411,698yyux04kySM0ezqzIQhD,RIOPY,Epiphany,209826,Epiphany,1,20 11 2020,1,0.158,0.283,8,-17.661,1,0.029,0.929,0.889,0.108,0.191,80.946,4
412,7C17MpLLwYCfoG0SGfK7Ou,Fanny Mendelssohn,"Six Character Pieces for Piano, MA Ms. 44: No. 9, Largo con espressione in E Minor",282000,Great Women Composers In Classical Music: Fanny Mendelssohn-Hensel,19,18 04 2020,28,0.36,0.0307,4,-24.884,0,0.032,0.992,0.932,0.0904,0.034,83.127,4
413,0eoHzI456z8FK5o0g7pdGn,Maurice Ravel,"Ravel: Miroirs, M. 43: III. Une barque sur l'océan",420186,Ravel: Complete Works for Solo Piano,6,15 01 2016,29,0.202,0.119,2,-23.191,1,0.0383,0.986,0.902,0.0831,0.0289,66.477,4
414,03BDIZERuo4I2Ezd9fnxXW,Ron Adelaar,Reprise,182201,Reprise,1,29 03 2019,1,0.275,0.0428,7,-22.954,0,0.0683,0.992,0.924,0.0854,0.0794,77.617,4
415,52jyQ5aa7PE00k8vndxbp1,Anna Sofia Nord,Leaving,155994,Leaving,1,4 06 2021,1,0.707,0.00879,0,-27.178,0,0.0851,0.994,0.97,0.0854,0.228,67.101,4
416,2ZJPbabhLakOYRe6GMsynH,Peter Donohoe,"Six Piano Pieces, Op. 118: No. 2, Intermezzo in A Major (Andante teneramente)",373293,Classical Music for Studying,3,14 11 2020,50,0.328,0.00896,9,-32.422,1,0.0528,0.995,0.886,0.0918,0.0716,83.641,5
417,3U5fgy8zCZAuEQFoRbRhl1,Frédéric Chopin,"Chopin: Berceuse in D-Flat Major, Op. 57",287583,"Good Night! - Chopin: Berceuse in D-Flat Major, Op. 57",1,25 09 2020,1,0.366,0.159,1,-22.504,1,0.0367,0.988,0.92,0.0949,0.0855,102.033,4
418,3I26MLXZxlXnRnta6CKC9A,Gautier Capuçon,Einaudi: Una mattina,190813,Emotions - Einaudi: Una mattina,1,23 10 2020,1,0.0975,0.0077,9,-34.135,0,0.0471,0.988,0.83,0.0603,0.0989,87.152,4
419,1IaiOmUOSHcY8zuMOxYw5b,Johann Sebastian Bach,"Bach, JS: Goldberg Variations, BWV 988: Aria da capo",163972,"Bach, JS: Goldberg Variations, BWV 988",32,2 05 2011,32,0.273,0.00629,2,-37.902,1,0.0388,0.995,0.901,0.0758,0.121,78.457,4
420,1khguN5ynXbwuY1k2gi9Nc,15,While/Asleep,195428,While/Asleep,1,4 10 2019,1,0.405,0.0109,0,-28.615,0,0.0532,0.994,0.927,0.147,0.15,119.785,3
421,5qFgbfJdFZGjVhwGjaS68T,Maxence Cyrin,The Frenchman (Piano Solo),160117,The Frenchman (Piano Solo),1,3 07 2020,1,0.25,0.337,7,-19.788,0,0.0439,0.971,0.854,0.153,0.267,135.927,4
422,5izjuTLxCmcU2y6jgJc0AD,Johannes Bornlöf,"Downton Abbey Suite (From ""Downton Abbey"")",207882,Classical Music for Studying,6,14 11 2020,50,0.416,0.0857,9,-23.241,0,0.0328,0.989,0.889,0.0943,0.135,170.103,3
423,17lTryhSMqSjAb7G1CiMhi,Aksel Krystad,In Hindsight,134000,In Hindsight,1,30 04 2021,1,0.453,0.0937,1,-22.879,1,0.0447,0.986,0.962,0.103,0.287,94.664,3
424,6pmmq51N5wYTht86ROZzbW,RIOPY,Ukiyo,235106,Classical Music for Studying,7,14 11 2020,50,0.463,0.056,9,-23.791,0,0.0442,0.99,0.907,0.0695,0.115,159.915,4
425,30iaTIlI5eDTys4zXwUt8Q,Maxence Cyrin,Mer de velours,214960,Classical Music for Studying,12,14 11 2020,50,0.347,0.232,8,-21.254,1,0.055,0.984,0.916,0.105,0.0373,128.317,4
426,7jzS2ryUQFsSSrzCaW6kBh,Dalal,Snow Prelude No. 3,109779,Classical Music for Studying,10,14 11 2020,50,0.513,0.102,5,-24.533,1,0.0546,0.992,0.953,0.0826,0.1,119.815,4
427,2DvAljfHQpHfhcGxajeiHj,Leoš Janáček,"Janáček: On an Overgrown Path, Book I: No. 7, Good Night!",199375,"Good Night! - Janáček: On an Overgrown Path, Book 1: No. 7, Good Night!",1,10 07 2020,1,0.335,0.0146,4,-23.818,0,0.0441,0.995,0.883,0.0838,0.0754,73.152,4
428,67dGckP2J2ZyraECZYmk67,North [Sic],BERLIN,214739,BERLIN,1,23 04 2021,1,0.305,0.076,6,-22.056,0,0.0457,0.958,0.922,0.111,0.146,61.249,4
429,72fAjofxCAiItnePGxjWWY,Bryce Dessner,Dessner: Song for Octave,197250,Good Night!,9,9 10 2020,16,0.408,0.104,3,-23.741,1,0.0344,0.992,0.961,0.134,0.165,133.493,3
430,6vqmHZFcPhSBAhQj9a2XNL,Sarah Watson,Dream,123383,Dream,1,23 04 2021,1,0.464,0.0216,0,-27.116,1,0.0598,0.996,0.917,0.148,0.235,66.239,3
431,4vrFpbku0FEMTOBNn8i32u,RIOPY,Sense of hope,169586,Bliss,5,2 07 2021,11,0.285,0.122,9,-20.808,0,0.031,0.977,0.91,0.0924,0.132,98.434,3
432,0ehGifmxHbDo67adZmaDpg,Ron Adelaar,Charme,137949,Charme EP,2,16 04 2021,2,0.195,0.0615,8,-19.566,1,0.0452,0.98,0.45,0.127,0.108,103.906,3
433,13ICZa0OovKjtLKURKUbac,Ennio Morricone,Morricone: Cinema Paradiso,130360,Le Poète du piano - Cinema Paradiso,1,31 07 2020,1,0.29,0.034,10,-26.262,1,0.0413,0.995,0.933,0.101,0.0962,81.409,3
434,1Ea3CgiSohslXlJ4GY38O4,Jacco Wynia,Footprints,228874,Footprints,1,21 05 2021,1,0.546,0.0656,4,-24.866,0,0.0351,0.982,0.916,0.0894,0.0962,114.254,4
435,2E2UJ4rkOxIsqb7oKFs7NU,Carlos Cipa,And She Was,443483,Classical Music for Studying,31,14 11 2020,50,0.279,0.0428,4,-28.434,0,0.0317,0.995,0.924,0.0767,0.186,100.031,4
436,7yRfWP3u8rT4HVLMZoHX9X,Helen Jane Long,Long: Porcelain,220386,Porcelain,1,4 06 2007,14,0.559,0.095,5,-22.734,1,0.0386,0.986,0.957,0.137,0.0653,119.936,3
437,2UMtLZkOXA0Uwdky3fojNN,15,Distant,172000,Distant,1,24 01 2020,1,0.317,0.0324,0,-30.227,0,0.049,0.995,0.841,0.145,0.207,66.526,3
438,5yRHfATamVvSWmgG9eN0bW,Gabriela Montero,Montero: Improvisation on Pachelbel's Canon,266466,Baroque Improvisations,3,18 02 2008,15,0.48,0.0072,1,-32.158,1,0.0613,0.995,0.876,0.0759,0.122,133.153,3
439,2HYi4NA8uOYWUr12fHhFh3,Johann Sebastian Bach,"Bach, JS / Arr. Hess: Jesu Joy of Man's Desiring, BWV 147",227120,Love and Death,2,3 05 2019,12,0.166,0.0114,7,-35.363,1,0.0443,0.995,0.875,0.116,0.278,61.233,4
440,1qigrSzKYXwOBEvfTKBSZS,RIOPY,Be a Prelude -,215040,Be a Prelude,1,18 12 2020,1,0.393,0.175,0,-18.118,0,0.0303,0.989,0.916,0.109,0.28,85.39,4
441,1BFLwrHmwnaNcH8ssiAi5j,Ron Adelaar,"Adagio, Pt. 1",130658,Adagio For Strings,3,19 03 2021,4,0.619,0.00736,3,-29.752,1,0.054,0.995,0.963,0.094,0.403,63.701,4
442,1O2zv26MpY9wzF2MkRuzxB,Jonas Oskar,Spirited Away,132908,Spirited Away,1,19 03 2021,1,0.403,0.0149,3,-26.643,1,0.0356,0.978,0.864,0.129,0.0623,134.193,3
443,6oSlV8JraDTEGsYi6fvwyr,GUIDO,Maarten's Secret Part II,132101,Liefde Zonder Grenzen (Original Motion Picture Soundtrack),9,11 10 2021,24,0.18,0.00521,2,-28.158,0,0.0372,0.993,0.932,0.07,0.0407,75.584,5
444,1Ihlkx6hwH4yaUDvECwftG,Cinthya Garcia,December Lights,142352,Peaceful Christmas 2021,11,5 11 2021,14,0.345,0.0165,1,-28.167,1,0.0406,0.994,0.951,0.184,0.145,109.166,5
445,3MRQn2RYo2VLYMoStnLRxu,Maurice Ravel,"Ravel: Pavane pour une infante défunte, M. 19",346586,Ravel: Complete Works for Solo Piano,2,15 01 2016,29,0.491,0.0176,4,-26.911,0,0.0644,0.994,0.927,0.0985,0.0901,125.793,3
446,2yCecf11slZnBw2c8xvupv,Jacco Wynia,Angels arms,191257,Angels arms,1,26 03 2021,1,0.503,0.273,2,-18.402,0,0.0275,0.94,0.938,0.0793,0.309,84.942,4
447,0bkDTVUhpdG8q2j45MxSj4,Dalal,Andare,424424,The 50 Greatest Einaudi Pieces,9,19 10 2018,50,0.518,0.137,4,-24.251,0,0.0458,0.994,0.926,0.0698,0.0693,82.045,4
448,386xlCbWT90hIaKvPTcjxj,Johannes Bornlöf,River Flows In You,170672,Classical Music for Studying,32,14 11 2020,50,0.342,0.035,9,-30.892,1,0.0612,0.987,0.951,0.0759,0.177,139.908,4
449,0eNTnJi8QpnHO94EPphckh,Felix Mendelssohn,"Andante con moto in E Major, Op. 19 No. 1",252540,Autumn In The Park,6,1 01 2010,12,0.353,0.0174,11,-24.265,1,0.0362,0.994,0.898,0.0713,0.0953,129.765,4
450,1ujhwV5emf0mty9WfjmjRI,Yann Tiersen,Le Matin,118560,Les retrouvailles,8,20 05 2005,16,0.529,0.0481,3,-27.086,1,0.0596,0.992,0.907,0.105,0.194,60.994,4
451,2aa1cxbfZj3vF8JKrmhRYl,Dalal,I giorni,418538,Classical Music for Studying,14,14 11 2020,50,0.458,0.119,2,-23.452,1,0.0542,0.989,0.91,0.0935,0.0714,114.551,3
452,7C2841lZywsT8Jm4Af0Cmp,Adrian Kuipers,New Life,240697,New Life,1,30 04 2021,1,0.258,0.0192,9,-25.113,1,0.0533,0.966,0.928,0.104,0.03,76.605,4
453,1F7DL5UsoTsfWJNXsYXHoV,Helen Jane Long,Expression,222919,Classical Music for Studying,44,14 11 2020,50,0.423,0.127,0,-20.901,1,0.0336,0.985,0.844,0.109,0.204,144.998,3
454,27neOGaYu2fONcrvrVb301,Gabriel Fauré,"Berceuse, Op. 16",206480,Classical Study Music,6,1 10 2016,49,0.222,0.138,2,-21.903,1,0.0433,0.982,0.0546,0.0899,0.156,100.741,3
455,06t13fC0WGuR1gigz3LrJA,João Balouta,Sprinkle of Love,127846,Peaceful Christmas 2021,13,5 11 2021,14,0.415,0.0368,3,-20.771,1,0.0567,0.993,0.931,0.122,0.12,94.041,4
456,0XUq02MXrr2qs0GDQNs47N,Jacco Wijnia,Letting go,151914,Letting go,1,26 02 2021,1,0.152,0.0161,0,-28.334,1,0.0355,0.976,0.936,0.158,0.0363,77.503,4
457,2kvSnQMxQKCaMieNxP8bBH,Anna Sofia Nord,Gentle Caress,158157,Moments,3,2 04 2021,6,0.434,0.00302,0,-25.766,1,0.0423,0.982,0.944,0.112,0.247,106.602,4
458,2bAun5kkyg45uAfVvPWgsO,Nolan Khan,Verträumt,134426,Peaceful Christmas 2021,2,5 11 2021,14,0.561,0.0332,0,-25.577,1,0.0808,0.995,0.938,0.105,0.438,75.817,3
459,76uH82GW81kVkIrEAiSEx8,Philip Glass,Evening Song No. 2,287440,Evening Song No. 2,1,30 04 2020,1,0.315,0.0651,5,-25.087,1,0.0529,0.995,0.891,0.0638,0.03,130.145,3
460,4njJK95HpvTWiAbUjdqIVC,Anna Sofia Nord,Content,129446,Content,1,12 03 2021,1,0.385,0.0323,3,-30.045,1,0.0406,0.993,0.908,0.116,0.288,132.566,3
461,7ajHGPs2P1K1TjFH9DoblM,Thomas Bartlett,Multiflora,467027,Multiflora,1,20 07 2020,2,0.36,0.0225,5,-27.017,1,0.0425,0.995,0.912,0.0872,0.142,128.936,4
462,1qQ1rucxtXg75CHSrFPsSu,Dalal,Nuvole bianche,386990,Classical Music for Studying,23,14 11 2020,50,0.391,0.194,8,-21.439,1,0.0569,0.992,0.918,0.0975,0.0375,105.127,4
463,7CcUs1a2SjtAvwp1sPdnPe,Ruben Fjellner,Vinterkväll,162942,Peaceful Christmas 2021,6,5 11 2021,14,0.468,0.0615,3,-25.543,1,0.0422,0.982,0.924,0.11,0.194,79.679,4
464,2i6hfOLhaGc2TOcWYpvb5R,Ron Adelaar,Pray,166890,Pray,1,27 11 2020,1,0.479,0.0138,1,-22.086,0,0.0384,0.993,0.941,0.103,0.217,69.561,4
465,6wyUdO8ZgximcG768SSIjA,Kun-Woo Paik,"Au lac de Wallenstadt (from Années de pèlerinage, 1, la Suisse)",222773,"Debussy, Liszt, Poulenc & Satie: Piano Music",2,27 12 1991,36,0.317,0.00342,8,-40.283,1,0.0469,0.983,0.908,0.112,0.0467,69.657,4
466,6vBE89wVBC8seTgyzcAY6b,Daniel Adni,"Songs without Words, Op. 19b: No. 1, Andante con moto in E Major",253466,Classical Music for Studying,40,14 11 2020,50,0.326,0.00888,11,-28.189,1,0.0373,0.994,0.875,0.073,0.0977,128.569,4
467,5U7vahMkL41gueMDNtoLhp,Philip Glass,Morning Passages,333733,The Hours (Music from the Motion Picture Soundtrack),2,5 12 2002,14,0.244,0.107,3,-22.906,1,0.0348,0.979,0.869,0.159,0.0325,106.323,4
468,1af54zmpn8P6s2ZwlKXD1A,Wilson Trouvé,Side By Side,165187,Peaceful Christmas 2021,10,5 11 2021,14,0.49,0.0171,4,-28.858,1,0.0331,0.995,0.942,0.0992,0.481,77.692,4
469,3HTwENGShrRtALFyXws0kC,Dalal,Einaudi: Le onde,322026,Einaudi: Le onde,1,20 07 2018,1,0.422,0.218,2,-23.182,1,0.0472,0.989,0.89,0.0889,0.0755,105.52,3
470,5pMaL10OC5mxcipntoj0N8,Edvard Grieg,"Moods, Op. 73: IV. Folksong (Andante pastorale)",151320,Piano Chill,29,7 07 2020,32,0.24,0.0028,8,-39.683,1,0.0429,0.995,0.864,0.101,0.0943,94.075,4
471,6XPtAzmKf0gUtE4pCJDXnA,Oscar Basza,Skating,135768,Skating,1,16 04 2021,1,0.604,0.0225,9,-25.707,1,0.0506,0.991,0.931,0.0956,0.152,69.261,4
472,0Fot87xQkjF5WyM7B1KQpA,Emilie Levienaise-Farrouch,Liberation,230213,De Slag Om De Schelde (Original Motion Picture Soundtrack),16,12 07 2021,17,0.128,0.0363,11,-19.996,0,0.0461,0.943,0.945,0.101,0.0388,78.185,4
473,3f23fdIpr1UwuSj1Jov0BK,Ron Adelaar,Canto,105372,Canto,1,29 05 2020,1,0.351,0.067,0,-21.192,0,0.043,0.99,0.958,0.113,0.441,67.689,4
474,0o7rDYyPEb6fmMs1PUxwqq,Nino Rota,Rota / Arr. Capelletti & Lenaerts: Romeo and Juliet: Love Theme,217853,Rota: Works for Harp,12,29 03 2019,13,0.298,0.0324,3,-26.794,1,0.0373,0.97,0.94,0.111,0.0796,124.892,4
475,5YfOjgtaaKEEUD7bGVjUwt,Philip Jerne,Dadirri,166905,Peaceful Christmas 2021,4,5 11 2021,14,0.492,0.0561,3,-25.563,1,0.0497,0.996,0.948,0.0995,0.356,138.472,3
476,3bu4mSuT2oCgSxjGYfUDrj,Matteo Myderwyk,Pastorale,124000,Notes of Longing,11,17 09 2021,13,0.578,0.138,7,-18.598,0,0.133,0.986,0.966,0.112,0.296,66.358,3
477,5I8wLF4YxtwIiqVxf2LsB9,Helen Jane Long,Eclipse,284119,Porcelain,11,4 06 2007,14,0.261,0.0742,9,-25.296,0,0.0423,0.973,0.948,0.107,0.134,210.097,3
478,12IFfvwwQxi6brymsYvFJL,Erik Satie,"Satie: 3 Gymnopédies: No. 1, Lent et douloureux",230146,Le Poète du piano,14,23 10 2020,63,0.589,0.00643,4,-32.69,0,0.158,0.995,0.942,0.0866,0.47,133.427,4
479,1FfE3dqqMo18LJ8rKlXTjM,Agustín Barrios Mangoré,Barrios Mangoré: La Catedral: I. Preludio saudade,136000,Bach Inspirations,1,5 10 2018,20,0.315,0.0237,11,-30.281,0,0.0465,0.995,0.957,0.0816,0.264,106.438,4
480,6QPqADXHNTAOfsB5ZGEr8R,Ron Adelaar,Désirée,146896,Désirée,1,10 01 2020,1,0.396,0.00457,0,-31.38,0,0.0398,0.991,0.956,0.111,0.0631,72.244,3
481,3elLXOiCHZcDX7xh6LmHvT,Johann Sebastian Bach,"Bach, JS: The Well-Tempered Clavier, Book 1, Prelude and Fugue No. 1 in C Major, BWV 846: I. Prelude",135560,Le Poète du piano,1,23 10 2020,63,0.279,0.0876,0,-27.941,1,0.0383,0.989,0.896,0.132,0.0973,134.041,4
482,0MPLx3w1sp3X4UyJvg0XGd,Gabriela Montero,Montero: Continuum,251240,Baroque Improvisations,15,18 02 2008,15,0.202,0.00681,3,-32.339,1,0.0386,0.996,0.883,0.0971,0.0354,66.157,3
483,2ijOTl2fScBOP7GDiZleJg,Stanley Myers,"Cavatina (From ""The Deer Hunter"")",203360,"Cavatina (From ""The Deer Hunter"")",1,1 02 2021,1,0.317,0.0278,4,-27.4,1,0.0442,0.994,0.91,0.0844,0.386,88.832,3
484,6QTTpu9bMDRhgemtQa2Cvu,Holly Jones,The Holly and the Ivy,124211,Peaceful Christmas 2021,1,5 11 2021,14,0.398,0.027,5,-26.025,1,0.0626,0.991,0.933,0.143,0.257,109.826,3
485,18yCRrAFvx6tzjwQxXz7EQ,Frédéric Chopin,"Chopin: Nocturne No. 1 in B-Flat Minor, Op. 9 No. 1",395866,Chopin: Nocturnes [Complete],1,1992,21,0.253,0.0109,1,-28.448,1,0.0525,0.99,0.901,0.101,0.0399,201.823,4
