"n","id","artist_name","name","duration_ms","album_name","track_number","release_date","total_tracks","danceability","energy","key","loudness","mode","speechiness","acousticness","instrumentalness","liveness","valence","tempo","time_signature"
0,"6I9VzXrHxO9rA9A5euc8Ak","Britney Spears","Toxic",198800,"In The Zone",6,"2003-11-13",13,0.774,0.838,5,-3.914,0,0.114,0.0249,0.025,0.242,0.924,143.04,4
1,"0vOkmmJEtjuFZDzrQSFzEE","Pat Benatar","Hit Me With Your Best Shot",171266,"Crimes Of Passion",4,"1980-08-05",10,0.741,0.58,4,-9.05,1,0.0304,0.117,3.31e-05,0.212,0.944,127.402,4
2,"0HcSC0BbA1H5zwGCr9xCON","Backstreet Boys","I Want It That Way",213306,"Millennium",2,"1999-05-21",14,0.687,0.7,6,-5.74,0,0.0264,0.246,0,0.233,0.503,99.042,4
3,"1Je1IMUlBXcx1Fz0WE7oPT","Spice Girls","Wannabe",173026,"Spice",1,"1996-01-01",10,0.768,0.864,11,-6.145,1,0.0324,0.101,0,0.162,0.891,110.008,4
4,"3FteycP8CaXS1MhjcXekVT","Spice Girls","Stop",204753,"Spiceworld",2,"1997-01-01",10,0.722,0.845,2,-4.446,0,0.0308,0.287,0,0.0561,0.965,130.13,4
5,"5WuVWOngcRkMOx9RRLCvui","Atomic Kitten","The Tide Is High - Radio Mix",205360,"Atomic Kitten",3,"2003-04-22",12,0.776,0.693,7,-2.528,1,0.0314,0.0234,0.00177,0.0322,0.635,102.996,4
6,"4RwIkzRJEk1pPVsyd592tc","Hanson","MMMBop",237453,"Mummies Little Boy",1,"2008-01-01",5,0.693,0.97,9,-3.725,1,0.0522,0.00987,0.00143,0.101,0.657,104.892,4
7,"1aKGdVyM7UXk8d3xRAifqI","Vengaboys","Boom, Boom, Boom, Boom!!",204255,"The Playlist – Pump Up The Jam 90s Dance",33,"2013-01-01",40,0.799,0.833,11,-10.03,0,0.0434,0.0116,0.446,0.023,0.968,138.478,4
8,"1KGi9sZVMeszgZOWivFpxs","TLC","No Scrubs",214400,"Fanmail",5,"1999-02-23",17,0.743,0.675,8,-4.267,0,0.0953,0.0251,0.000717,0.0685,0.59,92.909,4
9,"6qspW4YKycviDFjHBOaqUY","TLC","Waterfalls",279506,"Crazysexycool",8,"1994-11-15",16,0.769,0.505,1,-7.345,1,0.0829,0.311,7.49e-05,0.0777,0.757,171.804,4
10,"2gSyc23Hua25fqSFpgAh6W","Destiny's Child","Say My Name",271333,"The Writing's On The Wall",12,"1999-09-07",21,0.522,0.676,5,-3.571,0,0.16,0.274,0,0.134,0.746,67.427,4
11,"41nT1Sp6ChR65FbsdLlFHW","Destiny's Child","Bootylicious",207906,"Survivor",3,"2001-05-01",15,0.84,0.835,1,-4.386,0,0.275,0.00281,1.11e-06,0.152,0.637,103.376,4
12,"1fn6EFBBNiDVhL3DxDDJTD","S Club 7","Bring It All Back",213600,"S Club",1,"1999-01-01",11,0.675,0.895,4,-4.904,1,0.0484,0.319,0,0.369,0.824,108.093,4
13,"3r2EtAEybamz9jJm8W47lA","S Club 7","S Club Party",210400,"S Club",4,"1999-01-01",11,0.643,0.879,6,-6.579,0,0.0435,0.0681,0,0.313,0.774,101.984,4
14,"1cHa7GjYbLCK9z3lWN1rVC","S Club 7","Don't Stop Movin'",233173,"Best - The Greatest Hits (International Version)",8,"2003-06-16",13,0.827,0.677,7,-6.127,1,0.0328,0.0341,0,0.1,0.895,117.048,4
15,"7lDZ6dKWMR3olgjAgUwG20","Girls Aloud","Sound Of The Underground",222297,"Ten (Deluxe Edition)",15,"2012-01-01",28,0.573,0.895,11,-4.294,1,0.042,0.00463,9.16e-06,0.158,0.889,163.894,4
16,"4KktZd9BGHZjW3sK03O4zo","Sugababes","Push The Button",218000,"Overloaded",14,"2006-01-01",14,0.961,0.652,8,-5.138,1,0.0619,0.0497,0,0.0725,0.818,126.02,4
17,"2lnzGkdtDj5mtlcOW2yRtG","Shakira","Whenever, Wherever",196160,"Laundry Service",3,"2001-11-13",13,0.794,0.832,1,-4.862,0,0.0407,0.237,1.14e-05,0.203,0.871,107.657,4
18,"3E7ZwUMJFqpsDOJzEkBrQ7","Kylie Minogue","Can't Get You out of My Head",230640,"Fever",3,"2001-10-01",19,0.766,0.563,9,-7.516,0,0.0339,0.0263,0.683,0.115,0.964,126.007,4
19,"6onLnWywmbSnXDFPVY1mM6","Christina Aguilera","Genie in a Bottle",217133,"Christina Aguilera",1,"1999-07-15",12,0.633,0.792,1,-6.968,1,0.149,0.185,0.000185,0.152,0.918,175.795,4
20,"7Ddq6LRk5FaqPHSphrV1ls","The Spencer Davis Group","Keep On Running",164746,"I Can't Get Enough of It",2,"2010-03-29",10,0.766,0.483,4,-8.425,0,0.0352,0.0811,0.00246,0.126,0.929,144.376,4
21,"4E5P1XyAFtrjpiIxkydly4","Iyaz","Replay",182306,"Replay",1,"2009-08-18",11,0.706,0.751,9,-6.323,1,0.0708,0.173,0,0.168,0.195,91.031,4
22,"3RlsVPIIs5KFhLFhxZ4iDF","Nickelback","Rockstar",252040,"All the Right Reasons (Walmart Exclusive Edition)",11,"2005-09-26",15,0.616,0.91,0,-3.004,1,0.0386,0.0459,0,0.343,0.693,144.072,4
23,"3E7dfMvvCLUddWissuqMwr","Miley Cyrus","Party In The U.S.A.",202066,"The Time Of Our Lives (International Version)",2,"2009-01-01",8,0.652,0.698,10,-4.667,0,0.042,0.00112,0.000115,0.0886,0.47,96.021,4
24,"1pj3RzpA5AoXkZln0NockI","John Travolta","You're The One That I Want - From ""Grease"" Original Motion Picture Soundtrack",169840,"Grease (Limited Edition)",4,"1998-01-01",24,0.762,0.608,0,-11.36,1,0.0644,0.294,0.00148,0.117,0.841,106.931,4
25,"140ba2Ta8P3GJJuLb8vMC0","Scouting For Girls","She's So Lovely",223813,"Scouting For Girls",2,"2007-12-14",16,0.496,0.857,0,-3.313,1,0.0649,0.0622,0,0.0495,0.619,167.144,4
26,"3LI4MmibTkXH5cGpCGZgyw","Wheatus","Teenage Dirtbag",241840,"Songs From Dawson's Creek, Vol. II",10,"2000-09-29",14,0.617,0.84,4,-4.063,1,0.0512,0.36,8.85e-05,0.179,0.57,94.676,4
27,"4Sqc0kPuZpfI0T2TZBu8JT","MIKA","Grace Kelly",187733,"Life In Cartoon Motion",1,"2007-01-01",14,0.676,0.824,0,-5.752,1,0.0449,0.0271,0.0152,0.363,0.696,122.221,4
28,"27L8sESb3KR79asDUBu8nW","Fountains Of Wayne","Stacy's Mom",197986,"Welcome Interstate Managers",3,"2003-01-01",17,0.774,0.75,11,-4.927,0,0.0412,0.00207,1.78e-05,0.0808,0.927,118.015,4
29,"5lA6mFOvaiienokVbTZEQx","Lou Bega","Mambo No. 5 (A Little Bit of...)",219600,"King of Mambo",1,"2002-05-31",14,0.607,0.802,5,-6.849,0,0.403,0.107,0,0.305,0.901,174.201,4
30,"00Mb3DuaIH1kjrwOku9CGU","Avril Lavigne","Sk8er Boi",204000,"Let Go",3,"2002-06-04",13,0.487,0.9,0,-4.417,1,0.0482,6.79e-05,0,0.358,0.484,149.937,4
31,"1hGy2eLcmC8eKx7qr1tOqx","Sean Kingston","Beautiful Girls",225373,"Beautiful Girls",1,"2007-07-23",1,0.762,0.661,1,-6.075,0,0.0687,0.15,0,0.256,0.769,130.009,4
32,"0lJEYLAJU5KtthQroas2ou","Robbie Williams","Rock DJ - 2004 Mix",257373,"In And Out Of Consciousness: Greatest Hits 1990 - 2010",27,"2010-01-01",57,0.709,0.768,7,-4.274,1,0.0324,0.0229,0,0.417,0.869,103.036,4
33,"0UREO3QWbXJW3gOUXpK1am","DJ Jazzy Jeff & The Fresh Prince","The Fresh Prince of Bel-Air",177266,"Greatest Hits",10,"1998",18,0.824,0.684,10,-7.354,0,0.0935,0.00278,1.45e-06,0.0481,0.87,101.152,4
34,"3941McqnrX9blUEelPxgot","Shania Twain","Man! I Feel Like A Woman!",232960,"Come On Over",10,"1997-01-01",16,0.645,0.888,10,-2.667,1,0.056,0.615,0,0.347,0.727,125.025,4
35,"3GCpEbJzknVdpvx9WI03x3","Peter Andre","Mysterious Girl - Radio Edit",217106,"The Long Road Back",4,"2004-06-07",13,0.655,0.822,8,-5.755,1,0.211,0.14,0,0.298,0.859,171.983,4
36,"26ncGZfPWquaQ4PfTCcsID","S Club 7","Reach",242440,"Best: The Greatest Hits Of S Club 7",5,"2015-05-04",17,0.6,0.825,7,-5.441,1,0.0388,0.0114,7.23e-06,0.25,0.779,167.166,4
37,"7DaT3AjlCfVJe0ZLolJ93E","Girls Aloud","Love Machine",207564,"Ten (Deluxe Edition)",11,"2012-01-01",28,0.678,0.957,7,-3.493,1,0.0643,0.00153,0.00967,0.0637,0.715,116.022,4
38,"1qEHgdFqUxFebMPk8s2HLY","Scissor Sisters","I Don't Feel Like Dancin' - Radio Edit",248640,"I Don't Feel Like Dancin'",1,"2006-01-01",1,0.711,0.924,7,-3.398,1,0.0282,0.0156,0,0.114,0.912,108.033,4
39,"5KuXXnYoxSH1t6VTEE7uPX","McFly","Five Colours In Her Hair",179106,"Memory Lane (The Best Of McFly) [Deluxe Edition]",17,"2012-01-01",42,0.384,0.873,7,-3.826,1,0.0755,0.0453,0,0.333,0.599,195.634,4
40,"368S2jjTfDk9Hk9x9YDzwj","Kid Rock","All Summer Long",296960,"Rock n Roll Jesus",3,"2007-10-09",12,0.702,0.875,7,-3.588,1,0.0283,0.014,0,0.0872,0.905,103.003,4
41,"5TgD3Wh5ZUZnUU4tmVvJbx","The Weather Girls","It's Raining Men",212000,"80s 100 Hits",45,"2010-02-26",100,0.705,0.898,5,-6.371,0,0.0702,0.207,0.00118,0.702,0.657,136.282,4
42,"5Vrczz39CvlD3OGCa6utoA","Frankie Valli","Grease - 2007 Remaster",207306,"Frankie Valli...Is The Word",1,"1978",10,0.82,0.464,11,-8.45,1,0.0481,0.156,0,0.101,0.872,109.374,4
43,"4dwrL3Z5U2RZ6MZiKE2PgL","Stevie Wonder","Superstition",244826,"Number 1's",5,"2007-01-01",20,0.648,0.751,8,-8.582,1,0.0806,0.0182,0.000401,0.0418,0.863,100.437,4
44,"4w3tQBXhn5345eUXDGBWZG","Dolly Parton","9 to 5",162466,"9 To 5 And Odd Jobs",1,"1980",10,0.554,0.783,6,-5.852,1,0.0457,0.416,1.54e-06,0.631,0.813,105.39,4
45,"4BfRDZLIiznSnwU7DdDL9N","Mark Ronson","Valerie (feat. Amy Winehouse) - Version Revisited",219413,"Version",5,"2007-06-22",14,0.698,0.844,1,-4.789,1,0.0544,0.00253,0.000426,0.124,0.896,105.828,4
46,"5nPdMALTEd7HOjn16oNf2X","Elton John","Don't Go Breaking My Heart",275440,"Rock Of The Westies (Remastered)",10,"1975-10-24",10,0.729,0.844,5,-8.824,1,0.0344,0.149,2.87e-06,0.0604,0.777,131.459,4
47,"305WCRhhS10XUcH6AEwZk6","Jet","Are You Gonna Be My Girl",213800,"Get Born",2,"2003-09-15",13,0.613,0.953,2,-3.435,1,0.0855,0.00148,0.000582,0.152,0.537,105.046,4
48,"5AoTuHE5P5bvC7BBppYnja","Aretha Franklin","Respect - 2003 Remaster",142186,"Atlantic 60th: Soul, Sweat And Strut",9,"2007-10-30",12,0.744,0.611,0,-6.386,1,0.0333,0.0723,0.000532,0.0692,0.961,114.991,4
49,"6ztstiyZL6FXzh4aG46ZPD","Earth, Wind & Fire","Boogie Wonderland",288293,"I Am",5,"1979-06",9,0.802,0.756,2,-10.791,0,0.0349,0.0843,0.00765,0.0521,0.963,131.715,4
50,"7ePFDzrnLt3Ynqgy2UFWri","Frankie Valli & The Four Seasons","December, 1963 (Oh What a Night!)",201093,"The Very Best of Frankie Valli & The 4 Seasons",19,"2003-01-14",20,0.727,0.588,1,-9.568,1,0.0253,0.058,5.46e-06,0.0414,0.964,104.413,4
51,"4CJVkjo5WpmUAKp3R44LNb","Lynyrd Skynyrd","Sweet Home Alabama",281147,"Second Helping",1,"1974-04-15",11,0.597,0.605,7,-12.013,1,0.0255,0.181,0.000331,0.118,0.886,97.782,4
52,"5IVuqXILoxVWvWEPm82Jxr","Beyoncé","Crazy In Love (feat. Jay-Z)",236133,"Dangerously In Love",1,"2003-06-24",15,0.646,0.77,2,-6.596,0,0.226,0.00249,0,0.0715,0.681,99.165,4
53,"2RlgNHKcydI9sayD2Df2xp","Electric Light Orchestra","Mr. Blue Sky",303373,"Out of the Blue",13,"1977",17,0.388,0.338,10,-10.054,1,0.0329,0.652,3.73e-06,0.248,0.478,177.765,4
54,"5RKZ9zCtLjBLTea7qkSFqr","The Monkees","I'm a Believer",166906,"The Definitive Monkees",5,"2001-01-29",28,0.519,0.772,0,-6.784,1,0.0331,0.534,1.21e-05,0.271,0.961,79.618,4
55,"7cLkQkC9Z7hnN767rfRl5G","The Spinners","Working My Way Back to You",242666,"The Very Best of the Spinners",14,"1993",15,0.818,0.768,9,-6.975,0,0.0482,0.289,4.73e-06,0.107,0.922,121.562,4
56,"3b0EOvScbZUc0qJx0E1L2z","The Jackson 5","I Want You Back",176333,"Diana Ross Presents The Jackson 5",3,"1969-12-18",12,0.639,0.548,8,-13.534,1,0.0394,0.29,9.68e-05,0.366,0.887,98.359,4
57,"3298yRJKPcCndQdNiTZKIo","Neil Diamond","Sweet Caroline",203573,"Sweet Caroline",13,"1987-06-29",13,0.538,0.127,11,-16.057,1,0.0284,0.589,0.00017,0.238,0.527,62.829,4
58,"1HOMkjp0nHMaTnfAkslCQj","The Knack","My Sharona",295400,"Get The Knack",7,"1979-01-01",12,0.586,0.7,0,-9.558,1,0.0363,0.0589,0.00125,0.0318,0.897,147.245,4
59,"17bBNcLyMBDayQskHJX29T","Frank Sinatra","Theme From New York, New York",204146,"Ultimate Sinatra",23,"2015-04-17",26,0.407,0.589,2,-5.32,1,0.03,0.547,0,0.281,0.559,109.009,4
60,"63rva3TBizr6x1Yp5uwKfD","The Mamas & The Papas","California Dreamin'",157960,"If You Can Believe Your Eyes And Ears",7,"1966-03",12,0.554,0.667,1,-10.226,0,0.0342,0.628,0,0.0486,0.597,112.749,4
61,"1MK5FOmm5ppLIS2Ga3jHlT","Kylie Minogue","I Should Be So Lucky",204440,"Kylie",1,"1988-07-04",10,0.734,0.978,7,-4.568,1,0.034,0.0412,0.422,0.358,0.845,116.082,4
62,"48td6xvpokdYwvbl3JIiXP","Michael Jackson","Love Never Felt So Good",246026,"XSCAPE",17,"2014-05-09",17,0.775,0.719,7,-6.212,0,0.0435,0.132,1.79e-06,0.0662,0.712,117.513,4
63,"4osg3vT6sXv6wNxm9Z6ucQ","Amy Winehouse","Rehab",213760,"Back To Black",1,"2006-01-01",11,0.434,0.872,0,-2.974,1,0.0702,0.0473,1.83e-06,0.396,0.732,71.515,4
64,"6pNVhq4m3S9iNRxpwmVQZm","Stealers Wheel","Stuck In The Middle With You",203000,"Music For Seventies",5,"2007-01-01",20,0.745,0.616,7,-8.851,1,0.0351,0.0536,0.000507,0.139,0.961,124.437,4
65,"5hmJIY19Z6bLs0JNsrAMPD","Toploader","Dancing in the Moonlight",233373,"4 Hits",1,"2011-09-16",4,0.639,0.845,10,-3.333,1,0.0372,0.0528,0,0.336,0.871,119.485,4
66,"3N2nIBN3a9J40PIij4gW5F","The Jamaican Reggae Band","Electric Avenue",194000,"80's Best Songs",9,"2012-09-06",20,0.934,0.419,2,-13.264,1,0.17,0.333,1.74e-05,0.12,0.878,120.973,4
67,"66S14BkJDxgkYxLl5DCqOz","The Proclaimers","I'm Gonna Be (500 Miles)",219466,"Finest",1,"2003-09-01",14,0.851,0.551,4,-5.177,1,0.0396,0.151,0,0.0827,0.807,131.922,4
68,"15tHagkk8z306XkyOHqiip","The Rembrandts","I'll Be There for You - Theme From ""Friends""",188359,"L.P.",15,"1995-05-02",15,0.32,0.917,9,-5.903,1,0.0771,0.0717,0,0.169,0.715,190.757,4
69,"6jBCehpNMkwFVF3dz4nLIW","Run–D.M.C.","It's Tricky",183760,"Raising Hell",2,"1986-05-15",12,0.965,0.857,11,-8.458,0,0.17,0.00131,0,0.0726,0.951,127.656,4
70,"5y69gQtK33qxb8a24ACkCy","Vanessa Carlton","A Thousand Miles",237493,"Be Not Nobody",3,"2002-04-30",11,0.559,0.845,11,-3.871,1,0.0379,0.222,0,0.164,0.304,94.915,4
71,"0HEmnAUT8PHznIAAmVXqFJ","George Michael","Faith - Remastered",193200,"Faith",1,"1987-10-30",10,0.887,0.48,11,-11.994,1,0.117,0.0094,3.58e-05,0.0662,0.607,95.846,4
72,"0ikz6tENMONtK6qGkOrU3c","Wham!","Wake Me Up Before You Go-Go",231333,"Make It Big",1,"1984-10-23",8,0.62,0.573,0,-11.893,1,0.0423,0.271,0,0.0607,0.897,81.548,4
73,"1SKApv6ZfJ9bkUxeRObJEF","George Michael","Freedom! '90",388400,"Ladies And Gentlemen... The Best Of George Michael",5,"1998-11-09",29,0.675,0.873,5,-7.697,1,0.0441,0.0998,1.48e-05,0.0541,0.817,91.77,4
74,"45Lsx3nQ6nxxrQQIfGM4mA","Daryl Hall & John Oates","You Make My Dreams",187000,"The Very Best Of",7,"2001-01-29",18,0.753,0.502,5,-9.053,1,0.0462,0.122,0.269,0.0593,0.939,167.05,4
75,"1EXrFPfVNVsyb32yapebbM","Madness","Our House",203120,"The Rise & Fall",7,"1982-10-08",30,0.589,0.715,0,-6.073,1,0.0401,0.0884,0.00105,0.0559,0.806,120.999,4
76,"39shmbIHICJ2Wxnk1fPSdz","The Clash","Should I Stay or Should I Go - Remastered",188986,"Combat Rock (Remastered)",3,"1982",12,0.743,0.836,2,-6.465,1,0.116,0.0804,0,0.384,0.82,113.375,4
77,"0A4PZuepTcIQVvA5m7R0M1","Simple Minds","Don't You (Forget About Me) - Remastered",263973,"Celebrate (Greatest Hits)",14,"2013-03-25",36,0.602,0.784,11,-7.976,0,0.0313,0.00398,0.0852,0.0931,0.918,133.019,4
78,"0KxTWgl64TNOQXiGFJYc6t","Miami Sound Machine","Conga!",252933,"The Very Best Of Gloria Estefan (English Version)",19,"1984",20,0.782,0.873,2,-7.157,1,0.0475,0.141,0.0571,0.112,0.858,123.181,4
79,"2vz1CsL5WBsbpBcwgboTAw","Kenny Loggins","Footloose - From ""Footloose"" Soundtrack",226826,"Footloose (15th Anniversary Collectors' Edition)",1,"1984",13,0.583,0.905,2,-6.132,1,0.0733,0.0984,0.00019,0.0593,0.646,173.982,4
80,"6W7ztLBiRzBN46ZaPAcQ0F","Bill Medley","(I've Had) The Time Of My Life - From ""Dirty Dancing"" Soundtrack",290333,"Dirty Dancing (Original Motion Picture Soundtrack)",1,"1987-09-24",12,0.697,0.669,6,-12.723,0,0.0406,0.0404,0.00897,0.0654,0.486,108.506,4
81,"7lSDCrF11sdTVfjbAQVZE8","The Clash","I Fought the Law",163240,"Hits Back",21,"2013-08-26",32,0.526,0.9,2,-6.815,1,0.0545,0.00539,4.12e-05,0.14,0.883,151.279,4
82,"0zjB7ewBWnMgQDMQpFzt92","Busted","Year 3000",196200,"Busted",5,"2002-01-01",11,0.592,0.842,11,-6.681,1,0.0353,0.000219,0,0.0934,0.898,107.015,4
83,"3gmNmsgAgh5usicOQt6QsL","Steps","Tragedy",271920,"The Collection",1,"1998",38,0.684,0.936,2,-4.432,1,0.0353,0.0546,0.00226,0.192,0.895,125.027,4
84,"77XwQEPxhY65b8rPszET9u","Girls Aloud","Jump",220360,"Sound Of The Underground",4,"2003-01-01",15,0.658,0.826,8,-6.031,1,0.0346,0.00189,0.00275,0.0492,0.795,134.465,4
85,"7N3PAbqfTjSEU1edb2tY8j","Van Halen","Jump - 2015 Remaster",241599,"1984 (Remastered)",2,"1984-01-04",9,0.572,0.835,0,-6.219,1,0.0317,0.171,0.000377,0.0702,0.795,129.981,4
86,"05wIrZSwuaVWhcv5FfqeH0","Katrina & The Waves","Walking On Sunshine",238733,"Katrina & The Waves",6,"1985",10,0.596,0.869,10,-11.97,1,0.037,0.0116,0.173,0.0678,0.944,109.902,4
87,"1TfqLAPs4K3s2rJMoCokcS","Eurythmics","Sweet Dreams (Are Made of This) - Remastered",216933,"Sweet Dreams (Are Made Of This)",6,"1983-01-04",16,0.692,0.711,0,-7.498,0,0.0317,0.225,0,0.12,0.875,125.135,4
88,"5WQ1hIc5d2EVbRQ8qsj8Uh","Outkast","Hey Ya! - Radio Mix / Club Mix",235213,"Speakerboxxx/The Love Below",9,"2003-09-23",39,0.719,0.967,0,-2.435,1,0.0552,0.0588,0.000249,0.206,0.964,79.505,4
89,"5ChkMS8OtdzJeqyybCc9R5","Michael Jackson","Billie Jean",293826,"Thriller 25 Super Deluxe Edition",6,"1982-11-30",30,0.92,0.654,11,-3.051,0,0.0401,0.0236,0.0158,0.0359,0.847,117.046,4
90,"1aTAR21kFePsDBHnc74Hli","TOTO","Africa",296173,"Milestones - Toto",1,"2013-11-15",16,0.687,0.592,9,-9.112,1,0.0295,0.194,0.000485,0.0502,0.712,92.782,4
91,"3HRQtRUYnnuZY7fE900XtJ","Journey","Don't Stop Believin'",248200,"80s 100 Hits",14,"2010-02-26",100,0.495,0.781,4,-8.109,1,0.0413,0.254,0,0.395,0.473,119.206,4
92,"0eGsygTp906u18L0Oimnem","The Killers","Mr. Brightside",222075,"Hot Fuss",2,"2004-06-15",12,0.351,0.928,1,-3.71,1,0.0759,0.00113,0,0.0988,0.239,148.03,4
93,"61lqNlVRnWYiR9C7BDJw2l","Bon Jovi","You Give Love A Bad Name",223146,"Bon Jovi Greatest Hits",2,"2010-01-01",16,0.53,0.964,0,-2.571,0,0.0553,0.0528,4.84e-06,0.372,0.823,122.807,4
94,"79Dl8iYn0PFQG2wqDxPlQU","Rupert Holmes","Escape (The Pina Colada Song)",276413,"'70s Pop #1's",16,"2007-01-01",18,0.818,0.692,0,-8.79,1,0.0529,0.357,9.42e-06,0.127,0.934,139.695,4
95,"3UNAMgNHKl0fWzbZaU0fDM","Oasis","Wonderwall",258906,"(What's the Story) Morning Glory?",3,"1995-10-02",12,0.404,0.852,2,-5.591,1,0.0367,0.00219,0,0.13,0.482,174.319,4
96,"4jUuqKRr1fB4c1RvU6syls","Britney Spears","Oops!...I Did It Again",210853,"Greatest Hits: My Prerogative",4,"2004-11-08",27,0.755,0.832,11,-4.869,1,0.0462,0.317,1.9e-05,0.219,0.888,95.044,4
97,"5jSlcXdUGLWOV2pSfYYiBs","Meghan Trainor","All About That Bass",187866,"Title (Expanded Edition)",2,"2015-01-09",18,0.812,0.869,9,-3.698,1,0.0503,0.044,4.1e-06,0.118,0.963,134.087,4
98,"3PHYPaguCDKLK1a9cp3uXZ","Kelly Clarkson","Because of You",219493,"Breakaway",4,"2004",12,0.584,0.583,5,-5.284,0,0.0313,0.248,0,0.124,0.15,139.93,4
99,"0CsM8VGDi38kusMv3pxyj1","Spandau Ballet","True - Single Edit",329146,"True - The Digital E.P.",1,"2008-04-25",5,0.742,0.533,0,-9.098,1,0.0288,0.459,0.148,0.064,0.391,97.395,4
100,"3RkvscbM4aNbELiQf7PJwn","Pharrell Williams","Happy - From ""Despicable Me 2""",233293,"Happy (From ""Despicable Me 2"")",1,"2014-01-22",1,0.662,0.757,5,-6.818,0,0.144,0.291,0,0.0885,0.962,159.945,4
101,"3SmzFvJKGjsNTnMu7TCvCF","Yolanda Be Cool","We No Speak Americano",269840,"Madagascar 3: Europe's Most Wanted (Music From The Motion Picture)",6,"2012-01-01",13,0.86,0.595,3,-9.273,0,0.0648,0.0468,0.372,0.0824,0.545,124.987,4
102,"3yI282DoIJyERd0vGukMoB","Creedence Clearwater Revival","Fortunate Son",140773,"Willy And The Poor Boys (40th Anniversary Edition)",6,"1969-11-02",13,0.643,0.669,0,-7.485,1,0.0398,0.208,0.00664,0.151,0.609,132.709,4
103,"59024P5aFpZN2ZnoPgYGca","McFly","All About You",186866,"Wonderland (Japanese edition)",7,"2005-01-01",14,0.542,0.559,1,-5.313,1,0.0258,0.197,0,0.0989,0.295,129.898,4
104,"01iyCAUm8EvOFqVWYJ3dVX","ABBA","Dancing Queen",230400,"Arrival",2,"1976-10-11",12,0.543,0.87,9,-6.514,1,0.0428,0.358,0.000939,0.792,0.754,100.804,4
105,"7r5bS08R8d0jZuDZutVeHQ","ABBA","Gimme! Gimme! Gimme! (A Man After Midnight)",294346,"Voulez-Vous",13,"1979",13,0.744,0.495,10,-9.615,1,0.0402,0.0162,0.00825,0.177,0.53,119.541,4
106,"5kBZR12AntJUTo9UeAsKqP","ABBA","The Winner Takes It All",294720,"Super Trouper",2,"1980",12,0.458,0.794,6,-6.751,1,0.0376,0.541,0.00105,0.101,0.505,126.951,4
107,"5ztQHTm1YQqcTkQmgDEU4n","ABBA","Mamma Mia",215266,"Abba",1,"1975",13,0.748,0.771,2,-7.01,1,0.0318,0.28,0.000333,0.466,0.782,137.543,4
108,"4bykJp7dORR4GoLCZiQbU0","ABBA","Take A Chance On Me",243933,"The Album",2,"1977",10,0.687,0.68,11,-7.976,1,0.0256,0.182,0,0.274,0.924,107.041,4
109,"10fRfvMo6WCO9Gaawxy2U9","ABBA","Waterloo",168960,"Waterloo",1,"1974",14,0.445,0.949,2,-4.682,1,0.0471,0.395,8.18e-06,0.0902,0.653,147.604,4
110,"7AMnWNkwYPxaVDgkwmEEKj","ABBA","Super Trouper",254613,"Super Trouper",1,"1980",12,0.767,0.632,0,-8.288,1,0.028,0.436,7.49e-06,0.2,0.953,118.35,4
111,"2VsVI2mOkZ5s0eEA9MQLN4","ABBA","Does Your Mother Know",194720,"Voulez-Vous",6,"1979",13,0.727,0.862,7,-5.678,1,0.0365,0.145,4.27e-05,0.0917,0.972,135.637,4
112,"0hpYclJ5fdzxrPCoF1INVo","ABBA","Money, Money, Money",186426,"Arrival",6,"1976-10-11",12,0.787,0.704,9,-6.873,0,0.0385,0.535,0.00305,0.089,0.646,120.701,4
113,"6f2aeNom37eesQnUUPUqLd","ABBA","Knowing Me, Knowing You",241920,"Arrival",5,"1976-10-11",12,0.546,0.733,2,-7.073,1,0.0299,0.0399,1.11e-06,0.235,0.91,107.285,4
114,"5iTEYfn2BXDFkTZnz1cOoO","ABBA","Honey, Honey",175000,"Waterloo",7,"1974",14,0.474,0.804,5,-7.763,1,0.0473,0.309,1.81e-06,0.552,0.757,140.507,4
115,"5tpjzKkNw6xg1FA2EEx38C","ABBA","I Do, I Do, I Do, I Do, I Do",197800,"Abba",7,"1975",13,0.465,0.843,0,-4.296,1,0.0333,0.675,0.0108,0.0608,0.591,110.646,4
116,"4TkiNbzgDDaXoHRVkQ3aZc","Lady Gaga","Born This Way",261082,"New Year's Eve Countdown",7,"2017-12-15",20,0.567,0.869,6,-5.086,0,0.275,0.0156,0,0.337,0.474,123.878,4
117,"6niq76lPObS32X95LD4LLB","Stevie Wonder","Signed, Sealed, Delivered (I'm Yours)",159240,"New Year's Eve Countdown",10,"2017-12-15",20,0.648,0.743,5,-6.384,1,0.0345,0.0142,0,0.049,0.799,108.909,4
118,"40riOy7x9W7GXjyGp4pjAv","Eagles","Hotel California - 2013 Remaster",391376,"Hotel California (2013 Remaster)",1,"1976-12-08",9,0.579,0.508,2,-9.484,1,0.027,0.00574,0.000494,0.0575,0.609,147.125,4
119,"02BDRKIiRLkXrlNPLlpH6K","Elton John","Rocket Man (I Think It's Going To Be A Long Long Time)",282013,"Rocket Man (EA Version)",4,"2007-03-26",17,0.6,0.507,10,-9.98,1,0.0289,0.431,4.98e-06,0.0924,0.333,136.611,4
120,"1AhDOtG9vPSOmsWgNW0BEY","Queen","Bohemian Rhapsody - Remastered 2011",354320,"A Night At The Opera (2011 Remaster)",11,"1975-11-21",12,0.414,0.404,0,-9.928,0,0.0499,0.271,0,0.3,0.224,71.105,4
121,"6iwOCZFBlw3Xjj0fuO3sI6","The Buggles","Video Killed The Radio Star - Single Version",197906,"Video Killed The Radio Star / Kid Dynamo",1,"2009-01-01",2,0.742,0.788,1,-10.803,1,0.0669,0.0862,0.00768,0.292,0.514,130.849,4
122,"0iOZM63lendWRTTeKhZBSC","Simon & Garfunkel","Mrs. Robinson - From ""The Graduate"" Soundtrack",244026,"Bookends",10,"1968-04-03",12,0.606,0.457,6,-14.035,0,0.0497,0.713,2.53e-05,0.0747,0.813,92.033,4
123,"3fuXKiEzDCs1IBnLHQ5CL0","Pink Floyd","Another Brick In The Wall, Pt. 2 - 2011 Remastered Version",238746,"The Wall [2011 - Remaster] (2011 Remastered Version)",5,"1979-11-30",53,0.694,0.394,0,-15.881,1,0.0428,0.0781,0.000677,0.247,0.719,104.126,4
124,"1QEEqeFIZktqIpPI4jSVSF","Boston","More Than a Feeling",285133,"Boston",1,"1976",8,0.377,0.681,7,-8.039,1,0.0298,0.00088,0.0023,0.0504,0.285,108.789,4
125,"594FzPlCmqygQMoZAkGegM","Donna Summer","Hot Stuff",314760,"Bad Girls",1,"1979-04-25",15,0.823,0.743,0,-13.98,1,0.0316,0.00559,0.0306,0.0707,0.966,120.471,4
126,"4G8U2krKd6FHVh10bAkOVO","David Bowie","Fame - 1998 Remaster",256706,"Platinum Collection",3,"2005-08-22",57,0.857,0.409,10,-12.296,1,0.0959,0.327,0.0441,0.0681,0.658,95.65,4
127,"1YTLK2GZMai3LjDwzDL9OD","Elton John","Saturday Night’s Alright (For Fighting) - Remastered 2014",295466,"Goodbye Yellow Brick Road (40th Anniversary Celebration / Super Deluxe)",14,"1973-10-05",52,0.513,0.979,0,-6.362,1,0.0425,0.0195,0.0951,0.0906,0.94,152.875,4
128,"3XM0FQLcU1QuOEf7l8h8pe","Carpenters","Please Mr. Postman - 1991 Remix",167293,"Singles 1969-1981",17,"2000-01-01",21,0.687,0.622,9,-11.889,1,0.0329,0.0844,3.66e-06,0.042,0.959,132.485,4
129,"1zKZNmgXXz53Ox1MY6OdWj","Marvin Berry","Earth Angel (Will You Be Mine?)",179133,"Back To The Future (Original Motion Picture Soundtrack)",9,"1985-01-01",10,0.569,0.162,5,-16.69,1,0.0297,0.706,0,0.205,0.635,111.415,3
130,"4Hbe0lRKsXtDZ2wQIovz7I","Chuck Berry","Johnny B. Goode",161560,"Berry Is On Top",6,"1959-01-01",12,0.522,0.806,10,-9.097,1,0.0817,0.748,5.48e-05,0.313,0.969,168.078,4
131,"1INWPr855fwWdAOeecbu0W","Chubby Checker","Let's Twist Again",137360,"It's Pony Time/Let's Twist Again",19,"1961-01-01",24,0.604,0.709,8,-6.377,1,0.158,0.0987,0,0.0551,0.907,167.832,4
132,"2XBsQSZqHPPAtZpRG6TvIm","Bill Haley & His Comets","(We're Gonna) Rock Around The Clock - Single Version",132026,"From The Original Master Tapes",1,"1985-01-01",20,0.799,0.646,1,-12.579,0,0.146,0.354,8.41e-06,0.292,0.763,89.858,4
133,"2EqlS6tkEnglzr7tkKAAYD","The Beatles","Come Together - Remastered 2009",259946,"Abbey Road (Remastered)",1,"1969-09-26",17,0.533,0.376,9,-11.913,0,0.0393,0.0302,0.248,0.0926,0.187,165.007,4
134,"29b2b96jozyD9GPCkOrVLs","The Beatles","Day Tripper - Remastered 2015",169000,"1 (Remastered)",12,"2000-11-13",27,0.665,0.782,6,-8.438,0,0.0307,0.12,4.19e-06,0.125,0.731,137.453,4
135,"2kyVQg00pphEufGT59M2XH","Carpenters","(They Long To Be) Close To You",273933,"Close To You",6,"1970-01-01",12,0.528,0.233,8,-15.362,1,0.0346,0.726,0.000108,0.122,0.208,89.044,4
136,"1RJeiAIwR9pZBgJA8ndZLL","The Rolling Stones","Paint It, Black - Mono",204480,"The Rolling Stones In Mono (Remastered 2016)",1,"1966-01-01",186,0.505,0.836,5,-7.384,0,0.101,0.0103,0.0771,0.295,0.764,159.669,4
137,"61Q9oJNd9hJQFhSDh6Qlap","The Animals","House Of The Rising Sun",269720,"The Best Of The Animals",1,"1966-02",15,0.315,0.534,9,-7.552,0,0.031,0.000825,0.108,0.101,0.283,116.891,3
138,"3YBZIN3rekqsKxbJc9FZko","Guns N' Roses","Paradise City",405640,"Appetite For Destruction",6,"1987-07-21",12,0.273,0.952,11,-8.762,1,0.0843,0.0169,0.0111,0.142,0.472,100.271,4
139,"3k9i7UzeSUYWIfUZFeFDUd","Derek & The Dominos","Layla - 40th Anniversary Version / 2010 Remastered",423840,"Layla And Other Assorted Love Songs (40th Anniversary / 2010 Remastered)",13,"1970-11-01",14,0.404,0.903,1,-3.88,1,0.0668,0.577,0.297,0.287,0.498,115.672,4
140,"2vX5WL7s6UdeQyweZEx7PP","Aerosmith","Walk This Way",211026,"Aerosmith's Greatest Hits",4,"1980-11-11",10,0.629,0.785,5,-10.761,1,0.0471,0.0249,9.45e-06,0.0522,0.869,108.531,4
141,"5y4761pjcksXs1hNsCmc4n","Cream","Sunshine Of Your Love",250400,"Disraeli Gears (Deluxe Edition)",2,"1967-11-02",40,0.691,0.592,2,-8.089,1,0.0366,0.389,3.29e-05,0.124,0.736,115.152,4
142,"3yrSvpt2l1xhsV9Em88Pul","Van Morrison","Brown Eyed Girl",183306,"Blowin' Your Mind!",1,"1967-09",8,0.491,0.583,7,-10.964,1,0.0376,0.185,0,0.406,0.908,150.566,4
143,"1oG2vWELiGjIqxwqGcyqwF","The Kinks","You Really Got Me",133933,"Kinks (Super Deluxe Edition)",7,"1964-10-02",56,0.567,0.959,8,-3.822,1,0.102,0.0995,6.07e-05,0.1,0.961,137.377,4
144,"0wJoRiX5K5BxlqZTolB2LD","Jimi Hendrix","Purple Haze",170813,"Are You Experienced",1,"1967-05-12",17,0.533,0.905,2,-5.27,1,0.0754,0.00876,0.578,0.0698,0.486,108.9,4
145,"45s88Xopo6KvHc0PQ05aGg","The Who","My Generation - Mono Version",198866,"The Who Sings My Generation (U.S. Version)",6,"1966-04-01",12,0.299,0.787,0,-7.93,0,0.069,0.14,0,0.292,0.716,94.798,4
146,"2xYlyywNgefLCRDG8hlxZq","John Denver","Take Me Home, Country Roads - Rerecorded",197813,"The John Denver Collection, Vol. 1: Take Me Home Country Roads",1,"1997-06-17",11,0.255,0.43,9,-12.564,1,0.0322,0.546,1.87e-05,0.188,0.546,164.267,4
147,"0Moy3K17gGUH6SFwNPIDdU","Busted","Crashed The Wedding",158720,"A Present For Everyone",2,"2003-01-01",15,0.43,0.944,8,-3.99,1,0.049,0.00107,0,0.337,0.661,180.1,4
148,"3MjUtNVVq3C8Fn0MP3zhXa","Britney Spears","...Baby One More Time",211066,"...Baby One More Time (Digital Deluxe Version)",1,"1999-01-12",16,0.759,0.699,0,-5.745,0,0.0307,0.202,0.000131,0.443,0.907,92.96,4
149,"3ZFTkvIE7kyPt6Nu3PEa7V","Shakira","Hips Don't Lie (feat. Wyclef Jean)",218093,"Oral Fixation, Vol. 2 (Expanded Edition)",3,"2005-11-28",13,0.778,0.824,10,-5.892,0,0.0707,0.284,0,0.405,0.758,100.024,4
150,"0MjMqYIYzcCteAs4c0BZGy","Five","Keep On Movin'",198066,"Invincible",5,"1999",12,0.742,0.853,7,-7.832,1,0.034,0.0396,0,0.0664,0.963,135.02,4
151,"49sMsFUxaaGDlaKZNBfVSd","Las Ketchup","The Ketchup Song (Asereje) - Spanish Version",211893,"Hijas Del Tomate",1,"2002-07-30",10,0.587,0.905,6,-8.608,1,0.11,0.00973,0.000379,0.122,0.898,184.931,4
152,"2tUBqZG2AbRi7Q0BIrVrEj","Whitney Houston","I Wanna Dance with Somebody (Who Loves Me)",291293,"Whitney",1,"1987-06-02",11,0.709,0.824,1,-8.824,1,0.0453,0.207,0.000307,0.0888,0.867,118.818,4
153,"0WGn8xhpPumX73lECUY5Yo","Five","Everybody Get Up - Radio Edit",183733,"Let's Dance",3,"2001-01-16",14,0.724,0.867,0,-5.913,1,0.08,0.00145,0,0.135,0.681,96.015,4
154,"6MjljecHzHelUDismyKkba","Cascada","Everytime We Touch - Radio Edit",199120,"Everytime We Touch",1,"2006",15,0.624,0.976,8,-5.355,1,0.0494,0.004,1.18e-05,0.376,0.514,142.008,4
155,"4bk78jvK8Fe9YHqruOJW0v","P!nk","Get the Party Started",191666,"M!ssundaztood",4,"2001-11-16",14,0.806,0.902,11,-3.387,0,0.0475,0.00127,0,0.212,0.961,128.943,4
156,"1li2UA33w6LQcVXt4Di5UA","Cartoons","Witch Doctor - Radio Mix",187533,"Toonage",1,"1998-09-24",10,0.873,0.928,0,-6.445,1,0.0476,0.0846,8.57e-05,0.129,0.968,136.046,4
157,"4Y6cDd4EPHcEbiUKdyvNwM","Los Del Rio","Macarena",251293,"A Mi Me Gusta",1,"1993-12-13",12,0.923,0.679,8,-14.019,1,0.0888,0.428,0.000131,0.0908,0.965,103.017,4
158,"557un1HgwYMuqfWGSTmnxw","Beyoncé","Single Ladies (Put a Ring on It)",192586,"I AM...SASHA FIERCE - Platinum Edition",1,"2008",20,0.426,0.584,1,-5.293,1,0.296,0.0383,0,0.192,0.272,193.438,4
159,"714hERk9U1W8FMYkoC83CO","Hot Chocolate","You Sexy Thing",244920,"Hot Chocolate",5,"1975",16,0.791,0.733,5,-5.465,1,0.0633,0.523,0.0016,0.167,0.962,105.853,4
160,"7aHRctaQ7vjxVTVmY8OhAA","Starship","We Built This City",296080,"Knee Deep In The Hoopla",1,"1985",9,0.661,0.908,5,-4.897,1,0.039,0.052,0,0.0708,0.656,144.091,4
161,"1B75hgRqe7A4fwee3g3Wmu","MC Hammer","U Can't Touch This",257360,"Please Hammer Don't Hurt 'Em",2,"1990-02-20",13,0.867,0.517,11,-13.222,0,0.0875,0.00456,0.000339,0.0864,0.866,133.148,4
162,"4mPlT3qM7TCWYZx3YUuOWL","The Foundations","Build Me up Buttercup (Re-Recorded)",185480,"Build Me Up Buttercup (Re-Recorded) [Single]",1,"2009-09-01",1,0.707,0.814,0,-7.364,1,0.0367,0.158,2.72e-06,0.106,0.922,132.062,4
163,"5sra5UY6sD658OabHL3QtI","Alicia Keys","Empire State of Mind (Part II) Broken Down",216480,"The Element Of Freedom",14,"2009-12-15",14,0.484,0.368,6,-7.784,1,0.0341,0.74,3.82e-05,0.118,0.142,92.923,4
164,"41on8RwRh22IHcChAN2gm8","Estelle","American Boy (feat. Kanye West)",284733,"Shine",3,"2008-03-28",12,0.727,0.729,0,-2.99,1,0.326,0.171,0,0.07,0.512,117.932,4
165,"75PHqzep3Lf11sIYP5ps5q","Van McCoy","The Hustle - Original Mix",250240,"The Hustle & The Best of Van McCoy",14,"1976",15,0.627,0.875,0,-10.291,1,0.0741,0.232,0.475,0.0759,0.854,110.521,4
166,"4jDmJ51x1o9NZB5Nxxc7gY","George Michael","Careless Whisper",300106,"Ladies And Gentlemen... The Best Of George Michael",3,"1998-11-09",29,0.574,0.628,2,-8.815,0,0.036,0.13,0,0.271,0.803,153.119,4
167,"3m7Fne4xA0bsKzEaWbNucr","Rihanna","Shut Up And Drive",212280,"Good Girl Gone Bad: Reloaded",5,"2008-06-02",15,0.735,0.826,1,-4.902,1,0.0349,0.00101,0.129,0.197,0.74,132.964,4
168,"1ctdfJSzp6qF2iDAVdDrfl","Sugababes","About You Now",212400,"Change",1,"2007-01-01",11,0.584,0.699,1,-6.065,0,0.0378,6.52e-05,6.05e-05,0.486,0.585,82.499,4
169,"3qI94hINNNeb4S7xQi18lS","The Jacksons","Blame It on the Boogie",214200,"Destiny",1,"1978-12-17",8,0.774,0.641,1,-10.193,1,0.0799,0.0765,0,0.0867,0.875,113.256,4
170,"6L7CjMm9gJNn8Ze62bRk3g","The Archies","Sugar Sugar",167276,"Absolutely the Best of the Archies",9,"2012-05-31",16,0.757,0.73,2,-7.388,1,0.0274,0.402,0,0.114,0.962,122.382,4
171,"0cGG2EouYCEEC3xfa0tDFV","Soft Cell","Tainted Love",153800,"Non-Stop Erotic Cabaret",2,"1981",18,0.5,0.501,0,-8.284,0,0.0376,0.462,0,0.26,0.623,144.438,4
172,"4v6koasIv1ksU2P9iWqfRV","Elton John","Crocodile Rock",235440,"Don't Shoot Me I'm Only The Piano Player (Remastered)",9,"1973-01-22",14,0.621,0.8,4,-7.284,0,0.0344,0.0263,1.51e-05,0.0591,0.968,149.91,4
173,"22VWmcVQrYqHT4exHD6mMF","Madonna","Like a Virgin",191133,"The Immaculate Collection",4,"1990-11-09",17,0.806,0.637,1,-7.876,1,0.0385,0.246,0.00102,0.0842,0.962,119.564,4
174,"5uuJruktM9fMdN9Va0DUMl","Wild Cherry","Play That Funky Music",300000,"Wild Cherry",1,"1976",9,0.814,0.672,9,-12.068,1,0.0619,0.0435,0,0.061,0.933,109.394,4
175,"2SpEHTbUuebeLkgs9QB7Ue","Dolly Parton","Jolene",161533,"Jolene",1,"1974-02-04",10,0.674,0.537,1,-10.971,0,0.0363,0.566,0,0.131,0.809,110.578,4
176,"28NBmftocOzTPEb6OYA9fW","CHIC","Le Freak",327573,"C'est Chic",2,"1978-08-11",8,0.867,0.746,7,-7.445,1,0.0475,0.0453,0,0.123,0.933,118.616,4
177,"3stnrhzN0lzZFskbaZ5sEw","Mis-Teeq","Scandalous - U.S. Radio Edit",238840,"Mis-Teeq",1,"2004-07-13",13,0.734,0.668,0,-3.935,0,0.0349,0.0526,0,0.0925,0.651,99.971,4
178,"7uHO4AmKtyGa5v5fsElGoC","Dead Or Alive","You Spin Me Round (Like a Record)",199666,"Youthquake",1,"1985-03-26",11,0.567,0.943,6,-7.992,0,0.0387,0.0312,0.0965,0.544,0.965,128.207,4
179,"5C0LFQARavkPpn7JgA4sLk","The Police","Every Breath You Take - Remastered 2003",253250,"Synchronicity (Remastered)",7,"1983-06-01",11,0.82,0.452,1,-9.796,1,0.0348,0.543,0.00294,0.0701,0.74,117.401,4
180,"63OFKbMaZSDZ4wtesuuq6f","Steppenwolf","Born To Be Wild",210373,"Steppenwolf",5,"1968",11,0.438,0.71,2,-12.412,1,0.0919,0.262,0.537,0.221,0.53,145.928,4
181,"4Gnl12vioGd6lgIjeYcMCl","Toni Basil","Mickey",253199,"Mickey: The Very Best Of Toni Basil",1,"1997",18,0.674,0.913,4,-5.898,1,0.0521,0.124,1.06e-05,0.139,0.968,148.891,4
182,"4W4wYHtsrgDiivRASVOINL","The B-52's","Love Shack",320680,"Cosmic Thing",4,"1989-06-23",10,0.701,0.803,5,-6.786,0,0.0545,0.0544,1.54e-06,0.7,0.903,133.608,4
183,"1OOtq8tRnDM8kG2gqUPjAj","Michael Jackson","Beat It",258040,"Thriller 25 Super Deluxe Edition",5,"1982-11-30",30,0.779,0.867,3,-3.704,0,0.0457,0.0491,7.98e-06,0.197,0.915,138.858,4
184,"4cQJ27R11K634x5qCOwKW5","Blondie","One Way Or Another - Remastered",215106,"Parallel Lines (Remastered)",2,"1978-09-01",16,0.45,0.914,2,-5.4,1,0.0607,0.0305,1.42e-05,0.152,0.904,162.487,4
185,"40QPoAAKKMwPms6I6FHJqy","KC & The Sunshine Band","Give It Up",245800,"The Very Best of KC & the Sunshine Band",7,"1998-02-16",18,0.84,0.654,3,-12.135,1,0.0621,0.08,0.000259,0.063,0.841,125.68,4
186,"3L7RtEcu1Hw3OXrpnthngx","The Human League","Don't You Want Me",236920,"Dare!",10,"1981",10,0.731,0.738,9,-8.125,0,0.0377,0.184,0,0.214,0.958,117.656,4
187,"1q9l6c8bAzqWcvO3DM6FsR","Scissor Sisters","I Don't Feel Like Dancin'",288360,"Ta Dah",1,"2006-01-01",13,0.707,0.923,7,-3.409,1,0.0276,0.0195,0,0.342,0.845,108.023,4
188,"2da3zgoDYHoxx1uqr2AZv9","Little Eva","The Loco-Motion",145200,"A Rose Must Remain",17,"2017-05-10",18,0.615,0.934,3,-6.192,1,0.0715,0.915,0.0073,0.0907,0.753,127.011,4
189,"2aEeghgUcnu75tzcolFMfs","Ritchie Valens","La Bamba - Single Version",126960,"Ritchie Valens",7,"1959",12,0.516,0.809,0,-6.419,1,0.0545,0.787,0.000331,0.303,0.939,75.099,4
190,"2xSJiMxoZ9eiqsWhfrdYjs","Kenny Rogers","Islands In The Stream",250066,"All The Hits And All New Love Songs",5,"1999",38,0.594,0.455,8,-11.585,1,0.0315,0.443,0,0.0631,0.829,204.001,4
191,"3BGbqEDio3ocx1v4egIYr6","The Bangles","Walk Like an Egyptian",204560,"Different Light",4,"1985-07-11",12,0.711,0.788,11,-14.705,1,0.0825,0.0117,2.05e-06,0.311,0.757,103.172,4
192,"7KIbDUwumrpG5f30kEYW1v","Black Eyed Peas","Pump It",213066,"Monkey Business",1,"2005-01-01",16,0.648,0.931,1,-3.15,0,0.181,0.00937,0,0.752,0.744,153.649,4
193,"75D3n6wnFQmu1HVmLAlWM4","Kaiser Chiefs","I Predict A Riot",233186,"Employment",2,"2005",12,0.395,0.979,8,-3.241,1,0.0766,0.0243,0,0.12,0.41,158.842,4
194,"64Ny7djQ6rNJspquof2KoX","Elvis Presley","Hound Dog",136026,"Elvis' Golden Records",1,"1958-03-21",14,0.494,0.756,0,-8.492,1,0.0499,0.733,0.00505,0.76,0.949,86.895,4
195,"7dblNGnRXEBrVJunazs2U5","The Everly Brothers","All I Have to Do Is Dream",143333,"The Very Best of The Everly Brothers",8,"1964-08-01",12,0.534,0.462,4,-8.172,1,0.0266,0.839,0,0.129,0.534,96.195,4
196,"0IprUQmGWvCtnbcpHj9UIi","T-Spoon","Sex on the Beach - Radio Mix",226000,"The Hit Collection",1,"2011-07-01",17,0.841,0.933,5,-7.022,1,0.058,0.316,0,0.18,0.944,100.011,4
197,"5nbNdS5SKdpiDZjCBh8W7b","T. Rex","Get It On",262613,"Electric Warrior (Deluxe Edition)",6,"1971-09-24",37,0.728,0.878,11,-6.926,0,0.0564,0.176,0.856,0.61,0.911,126.59,4
198,"4uLU6hMCjMI75M1A2tKUQC","Rick Astley","Never Gonna Give You Up",213573,"Whenever You Need Somebody",1,"1987-11-12",10,0.721,0.939,8,-11.823,1,0.0376,0.115,3.79e-05,0.108,0.914,113.309,4
199,"0g6ISmY4VvTNjMRl2VultZ","DJ Casper","Cha Cha Slide - Hardino Mix",222560,"Cha Cha Slide",1,"2004-01-01",3,0.855,0.926,11,-5.58,0,0.136,0.0416,0.00716,0.292,0.832,130.995,4
200,"22sLuJYcvZOSoLLRYev1s5","Madonna","Material Girl",240280,"Celebration (double disc version)",20,"2009-09-18",37,0.742,0.883,0,-3.419,1,0.0329,0.333,7.51e-06,0.0964,0.978,136.506,4
201,"2KOt2JrCB720UxIbyzweQo","The Beach Boys","Barbara Ann",133893,"Spirit Of America",18,"1975-04-14",23,0.581,0.669,6,-3.659,1,0.0385,0.19,0,0.243,0.926,78.073,4
202,"0aAR5HogGoT68EWFbyRFqx","Irene Cara","What A Feeling",244533,"What A Feeling",1,"2007-01-01",1,0.532,0.729,10,-6.84,1,0.0474,0.382,0,0.366,0.595,121.97,4
203,"3eXI3pYpiY1nRwhvW0c8Qi","Kylie Minogue","Spinning Around",207866,"Light Years",1,"2000-09-25",15,0.761,0.662,6,-7.645,0,0.0548,0.292,6.19e-05,0.0956,0.631,120.043,4
204,"12qZHAeOyTf93YAWvGDTat","blink-182","All The Small Things",168000,"Enema Of The State",8,"1999-01-01",12,0.442,0.893,0,-4.878,1,0.0505,0.00844,0,0.529,0.712,148.119,4
205,"3QRLv6aLANNjl6FRS2fDfE","Thurston Harris","Little Bitty Pretty One",143853,"Pure Rock 'N' Roll",22,"2008-06-16",72,0.595,0.577,0,-9.486,0,0.318,0.705,0.0382,0.0629,0.824,176.792,4
206,"7oPnZNl1acGA7ELxsNirrR","Black Eyed Peas","Where Is The Love?",272533,"Elephunk",13,"2003-01-01",16,0.834,0.699,5,-3.222,1,0.196,0.111,0,0.131,0.803,94.069,4
207,"2iPIMWQYcrvV6MDlnEgw4i","McFly","Obviously",198880,"Room On The 3rd Floor (UK version)",2,"2004-01-01",13,0.642,0.856,1,-2.273,1,0.0314,0.193,0,0.11,0.755,130.583,4
208,"5zA8vzDGqPl2AzZkEYQGKh","Billy Joel","Uptown Girl",197706,"An Innocent Man",6,"1983-08-08",10,0.701,0.944,4,-2.986,1,0.0455,0.0755,0,0.601,0.792,128.993,4
209,"4y1LsJpmMti1PfRQV9AWWe","Cyndi Lauper","Girls Just Want to Have Fun",238266,"She's So Unusual",2,"1983-10-14",10,0.71,0.799,6,-4.897,1,0.0328,0.22,0.000602,0.349,0.725,120.372,4
210,"6cb0HzFQPN4BGADOmSzPCw","The Jackson 5","ABC",174866,"ABC",3,"1970-05-08",12,0.572,0.786,8,-8.469,1,0.0642,0.519,0.00093,0.11,0.952,188.115,4
211,"0Ph6L4l8dYUuXFmb71Ajnd","Ricky Martin","Livin' la Vida Loca",243160,"Ricky Martin",1,"1999",14,0.425,0.954,1,-3.756,0,0.0476,0.00414,0,0.0555,0.933,178.043,4
212,"6FmtB3SLE6eqb24VfMnH4z","Sugababes","Round Round",237053,"Angels With Dirty Faces (International version)",3,"2002-01-01",11,0.735,0.859,6,-3.845,0,0.0346,0.00289,3.95e-06,0.111,0.758,126.587,4
213,"2zzXeIZU8VkOfrdbO7KW2j","Liberty X","Just A Little",236133,"Thinking It Over",2,"2002-01-01",14,0.796,0.617,5,-6.198,0,0.0619,0.00824,0,0.0495,0.72,103.858,4
214,"7atIHMnLUJ5ikdnosz1GwU","Aqua","Barbie Girl",197906,"Aquarium",3,"1997-01-01",11,0.81,0.956,1,-5.753,0,0.0367,0.0167,0.281,0.35,0.961,129.996,4
215,"7l0gjwO3l5AxIOEyM5Zd7d","Fast Food Rockers","Fast Food Song",188706,"Fast Food Rockers",2,"2012-11-02",15,0.766,0.992,3,-6.172,1,0.0384,0.0196,0.000914,0.317,0.961,130.002,4
216,"1H5tvpoApNDxvxDexoaAUo","Baha Men","Who Let The Dogs Out",198400,"Who Let The Dogs Out",1,"2000",12,0.869,0.887,0,-4.505,1,0.0993,0.0605,0,0.148,0.784,129.221,4
217,"3UCDrOA37BBdcExyIpN3Xj","Eiffel 65","Blue (Da Ba Dee) - Original Ice Pop Radio Edit",284426,"Blue [da ba dee] [2009 Remixes]",7,"1999",7,0.783,0.976,7,-4.38,0,0.0431,0.156,0.000311,0.364,0.807,127.991,4
218,"5MROKBz9e50E2CHb2N7vrC","Tony Christie","(Is This The Way To) Amarillo",193066,"The Ultimate Collection",1,"1991-01-01",16,0.596,0.711,9,-10.228,1,0.0331,0.406,5.94e-05,0.378,0.739,134.547,4
219,"0SLtqCrXBRrnkxSOMA3X4W","Robbie Williams","Let Me Entertain You",262000,"Life Thru A Lens",8,"1997-01-01",11,0.478,0.965,10,-5.022,1,0.0642,0.000169,0.00251,0.0854,0.347,125.152,4
220,"4mnTMsp8Cgf9TNiQMhH11L","Sandi Thom","I Wish I Was a Punk Rocker (with Flowers in My Hair)",151640,"Smile...It Confuses People",2,"2006-06-05",10,0.7,0.465,4,-6.815,1,0.358,0.544,0,0.606,0.719,108.102,4
221,"2H3ZUSE54pST4ubRd5FzFR","Marvin Gaye","Ain't No Mountain High Enough",151666,"United",1,"1967-08-29",12,0.669,0.616,11,-10.776,0,0.033,0.482,0,0.179,0.818,130.037,4
222,"6nAaaq5r8rjsBE1DdeTCKs","Joe Cocker","You Can Leave Your Hat On",255293,"The Ultimate Collection 1968-2003",4,"2003-12-01",30,0.65,0.535,5,-13.325,1,0.0282,0.118,0,0.187,0.9,173.8,4
223,"76709jfVPvKWp7ChPQjCk7","Baccara","Yes Sir, I Can Boogie",272000,"More Monty",10,"1998-11-04",15,0.452,0.755,2,-8.344,1,0.0747,0.113,0,0.151,0.508,122.501,4
224,"70AhDADPvD8cRhjfgBUjhZ","Grover Washington, Jr.","Just The Two Of Us",237666,"Love's Greatest Hits",6,"2006-01-01",19,0.787,0.326,1,-14.809,1,0.0836,0.42,0.0265,0.0514,0.608,95.892,4
225,"15MJ5NThPjj6xhPcts8MiY","Berlin","Take My Breath Away - Love Theme from ""Top Gun""",255733,"Top Gun - Motion Picture Soundtrack (Special Expanded Edition)",5,"1999-01-01",15,0.497,0.719,6,-9.397,1,0.0266,0.0613,0,0.411,0.547,95.769,4
226,"5hLYFkl1CEKay2hKRbZSsG","The Jackson 5","Who's Lovin' You",235640,"Diana Ross Presents The Jackson 5",8,"1969-12-18",12,0.25,0.312,7,-13.117,1,0.033,0.674,2.41e-05,0.244,0.45,160.262,3
227,"0weAUscowxeqDtpCgtbpgp","Will Smith","Gettin' Jiggy Wit It",227933,"Big Willie Style",3,"1997-10-03",16,0.881,0.874,6,-4.505,1,0.139,0.0175,1.14e-06,0.154,0.858,107.891,4
228,"3rKYiySCDMUKTw5kGVVhaa","Charlie Puth","Marvin Gaye (feat. Meghan Trainor)",190453,"Nine Track Mind",3,"2016-01-29",13,0.795,0.616,1,-5.281,0,0.06,0.417,0,0.349,0.815,110.015,4
229,"3AJwUDP919kvQ9QcozQPxg","Coldplay","Yellow",266773,"Parachutes",5,"2000-07-10",10,0.429,0.661,11,-7.227,1,0.0281,0.00239,0.000121,0.234,0.285,173.372,4
230,"4WfGrAJVC3A5xhUTja0gUG","Dire Straits","Money For Nothing",510933,"Brothers In Arms (Remastered)",2,"1985-05-13",9,0.666,0.667,2,-9.305,0,0.0371,0.043,0.0005,0.074,0.679,134.219,4
231,"3DYVWvPh3kGwPasp7yjahc","Ace of Base","The Sign",189786,"Greatest Hits",1,"2008-11-14",16,0.802,0.828,4,-6.366,0,0.0426,0.0127,0.0683,0.0293,0.946,97.01,4
232,"70VjMtwhm3Q2HBQeJnPfmh","Madonna","Hung Up",336880,"Celebration (double disc version)",1,"2009-09-18",37,0.64,0.646,9,-7.572,0,0.0497,0.00364,0.165,0.0912,0.415,124.992,4
233,"1gt1fWqUZOUgT2kTArAw4E","The Ting Tings","That's Not My Name",310573,"We Started Nothing",2,"2008-05-16",10,0.755,0.901,9,-3.152,1,0.0893,0.0451,0.0373,0.363,0.959,145.042,4
234,"500h8jAdr7LvzzXlm1qxtK","Pilot","Magic",186333,"From The Album Of The Same Name",2,"1974-01-01",15,0.393,0.588,9,-6.68,0,0.0613,0.345,0,0.134,0.728,203.145,4
235,"2UVLuddklEVak5PXgC7baA","Deee-Lite","Groove Is in the Heart",231786,"Rhino Hi-Five: Deee-Lite",2,"2005-04-19",5,0.694,0.881,1,-4.053,0,0.0701,0.0153,0.0196,0.0851,0.924,121.554,4
236,"6iq7W8558dwszTcNa2jKws","Natasha Bedingfield","Unwritten",259333,"Unwritten",4,"2004-09-06",13,0.706,0.8,5,-6.333,1,0.0399,0.00584,0,0.0822,0.629,100.011,4
237,"36RBVJLpBiiBakoMw9FmOV","Maroon 5","Moves Like Jagger - Studio Recording From ""The Voice"" Performance",201560,"Overexposed (Deluxe)",16,"2012-01-01",18,0.72,0.769,9,-4.527,1,0.0457,0.0116,0,0.308,0.604,128.044,4
238,"5CeL9C3bsoe4yzYS1Qz8cw","Blur","Girls & Boys",259385,"Blur: The Best Of",10,"2000-10-23",18,0.693,0.875,7,-8.354,0,0.0315,0.00986,0,0.0601,0.899,120.048,4
239,"6CEKntwndUlmWhSRflWA5X","Sheena Easton","Morning Train (Nine to Five)",200973,"Greatest Hits",1,"1995-04-01",10,0.797,0.511,8,-10.618,1,0.0552,0.686,0,0.122,0.804,121.874,4
240,"3pf96IFggfQuT6Gafqx2rt","Boney M.","Sunny",242240,"Take The Heat Off Me",3,"1976",10,0.647,0.868,0,-6.427,0,0.106,0.088,0.124,0.129,0.804,121.82,4
241,"31b8otrq8xVEho2byLRkrd","The Beautiful South","Perfect 10",218626,"Quench",5,"1998-01-01",13,0.732,0.9,9,-3.978,1,0.0589,0.133,2.05e-06,0.104,0.517,101.95,4
242,"0a4agFmqHXxcZl1nho1BxM","Blondie","Heart Of Glass - Special Mix",275733,"Best Of Blondie",1,"1981-10-31",12,0.694,0.577,4,-14.63,1,0.0308,0.015,0.00836,0.0853,0.845,114.478,4
243,"4qO03RMQm88DdpTJcxlglY","Blondie","Call Me",212600,"Atomic/Atomix",4,"1999-01-01",29,0.56,0.825,2,-6.711,0,0.0347,0.000785,0.00246,0.0892,0.74,142.669,4
244,"1PAKcvZUMSgEqRhmhZDeGk","Blondie","Atomic",282240,"Best Of Blondie",11,"1981-10-31",12,0.593,0.498,4,-14.791,0,0.033,0.00998,0.31,0.101,0.927,134.316,4
245,"5Q7cE6wGHMehLFo2ppkk5D","Blondie","One Way Or Another",208360,"Atomic: The Very Best Of Blondie",16,"1998-01-01",21,0.445,0.872,6,-6.294,0,0.0602,0.00402,0.00909,0.047,0.834,162.407,4
246,"3oobWqIgYrSRg18uqRuPIF","Jamelia","Superstar",215480,"Thank You",1,"2003-06-30",15,0.801,0.645,1,-6.93,1,0.0356,0.0457,0,0.0357,0.824,110.01,4
247,"6Ou08NE0N5z8eRL1siDtAK","Icona Pop","I Love It",155333,"I Love It",1,"2012-01-01",1,0.714,0.905,8,-2.663,1,0.0289,0.00855,2.55e-05,0.146,0.838,125.927,4
248,"2WfaOiMkCvy7F5fcp2zZ8L","a-ha","Take on Me",225280,"Hunting High and Low",1,"1985-06-01",10,0.573,0.902,6,-7.638,0,0.054,0.018,0.00125,0.0928,0.876,84.412,4
249,"15ob9SMGLWrexuPuyuMjKl","Laura Branigan","Gloria",295066,"The Best of Branigan",13,"1995-06-06",13,0.775,0.866,9,-3.598,1,0.0295,0.135,0.0376,0.152,0.875,131.338,4
250,"2PtlJHqA0U2I7Q9qTTHFRn","Three Dog Night","One",184933,"Celebrate: The Three Dog Night Story, 1965–1975",9,"1993-12-07",43,0.344,0.465,0,-10.757,0,0.0606,0.433,0,0.0956,0.419,60.959,4
251,"265638nD7nlh7Rduh1LkLG","Donna Summer","Hot Stuff - 12"" Version",407053,"Bad Girls [Deluxe Edition (US Version)]",4,"1979-04-25",25,0.796,0.892,0,-8.31,1,0.0333,0.00475,0.0187,0.0717,0.965,120.4,4
252,"7zQEbm2spZDg7zLYFAkPYo","Patina Miller","Fabulous, Baby!",217600,"Sister Act (Original London Cast Recording)",3,"2009-06-27",20,0.579,0.821,10,-4.743,1,0.176,0.277,0,0.162,0.707,153.823,4
253,"6pyzBTIjcO2AMkKE6x2Otb","Bee Gees","Stayin' Alive - From ""Saturday Night Fever"" Soundtrack",285373,"Greatest",5,"1979-01-01",27,0.703,0.826,10,-7.179,0,0.0341,0.0322,0.00629,0.179,0.945,103.564,4
254,"5T8EDUDqKcs6OSOwEsfqG7","Queen","Don't Stop Me Now - Remastered 2011",209413,"Jazz (2011 Remaster)",12,"1978-11-10",13,0.559,0.868,5,-5.276,1,0.17,0.0475,0.000176,0.776,0.609,156.295,4
255,"4X4tgBEUiT6WqB2oTJ5ynH","Jason Derulo","Talk Dirty (feat. 2 Chainz)",177685,"Tattoos (Special Edition)",2,"2013-09-10",18,0.76,0.652,6,-7.321,1,0.232,0.0348,0,0.307,0.759,100.315,4
256,"41Fflg7qHiVOD6dEPvsCzO","Fifth Harmony","Worth It (feat. Kid Ink)",224573,"Reflection (Deluxe)",4,"2015-01-30",14,0.884,0.765,8,-3.865,1,0.0882,0.063,7.04e-06,0.118,0.594,99.987,4
257,"3YKptz29AsOlm7WAVnztBh","Seal","Kiss from a Rose",288426,"Seal",6,"1994-05-31",11,0.584,0.533,10,-7.11,0,0.0305,0.684,0,0.306,0.224,131.745,3
258,"0p20xyAdYkaxAPWdXr0sir","The Black Jets","I Love Rock 'n' Roll",177086,"ReCovered Hits Volume 2",12,"2010-02-08",20,0.762,0.482,4,-4.35,0,0.0734,0.0725,3.26e-06,0.0802,0.684,94.009,4
259,"4BBG8mbCByAGNrj5obWgAv","Scissor Sisters","Laura",216360,"Scissor Sisters",1,"2004",14,0.739,0.849,8,-3.303,1,0.0304,0.0635,0,0.19,0.838,91.013,4
260,"67csrS6po7IyXfwds4azjr","Tom Jones","It's Not Unusual",119800,"Along Came Tom Jones",8,"1965-05-01",16,0.346,0.716,0,-10.001,1,0.0735,0.571,0,0.189,0.904,184.499,4
261,"5L0L3RyON6g8avnI20uubN","The Beach Boys","Fun, Fun, Fun (Mono)",138906,"Shut Down, Vol. 2 (Mono & Stereo)",1,"1964-03-02",24,0.517,0.796,3,-6.313,1,0.0341,0.195,0,0.097,0.97,155.532,4
262,"4gphxUgq0JSFv2BCLhNDiE","Elvis Presley","Jailhouse Rock",146480,"Elvis' Golden Records",5,"1958-03-21",14,0.647,0.582,10,-9.538,0,0.0755,0.41,1.93e-06,0.0715,0.915,167.396,4
263,"59VRFpPnC8pOhIH2WCWXF9","Whigfield","Saturday Night - Radio Mix",247405,"Saturday Night Single",1,"1994-09-19",16,0.728,0.784,11,-11.776,1,0.0379,0.0449,0.0918,0.0964,0.964,129.981,4
264,"2H5nsVLjDwWsxfyajm0lVS","Average White Band","Pick up the Pieces",234586,"Average White Band",3,"1974",10,0.77,0.858,10,-7.086,0,0.0492,0.0106,0.685,0.0298,0.76,109.883,4
265,"4fixebDZAVToLbUCuEloa2","Britney Spears","Womanizer",224400,"Circus (Deluxe Version)",1,"2008-12-02",15,0.724,0.695,11,-5.226,1,0.0622,0.073,0,0.0889,0.235,139.0,4
266,"54b8qPFqYqIndfdxiLApea","Heart","Alone",218733,"Bad Animals",2,"1987-06-06",10,0.418,0.452,1,-13.099,1,0.0356,0.638,0.00026,0.0959,0.168,175.088,4
267,"3SaIsrEzrQGDcG1jCeaK8q","Jessie J","Bang Bang",199386,"Sweet Talker (Deluxe Version)",4,"2014-10-10",15,0.711,0.774,0,-3.391,0,0.0922,0.259,0,0.371,0.715,150.032,4
268,"1z6WtY7X4HQJvzxC4UgkSf","Beyoncé","Love On Top",267413,"4",1,"2011-06-24",14,0.652,0.748,0,-5.242,1,0.0887,0.0849,0,0.604,0.652,94.1,4
269,"7Dm3dV3WPNdTgxoNY7YFnc","Fleetwood Mac","The Chain - 2004 Remaster",269813,"Rumours",7,"1977-02-04",11,0.522,0.755,9,-6.95,1,0.0524,0.0517,6.63e-05,0.0781,0.637,151.796,4
270,"4WGTwyHPMvB3HWiEO9R0wb","Atomic Kitten","Whole Again",185866,"Atomic Kitten",8,"2003-04-22",12,0.742,0.715,4,-4.489,1,0.0351,0.0621,0.00218,0.111,0.652,94.011,4
271,"3Cx4yrFaX8CeHwBMReOWXI","Billy Joel","We Didn't Start the Fire",287733,"Storm Front",2,"1989-10-17",10,0.712,0.967,7,-5.206,1,0.047,0.0771,0,0.356,0.895,145.024,4
272,"6KM6693N1wVvz6tDviEF4F","Gwen Stefani","Hollaback Girl",199853,"Love Angel Music Baby",3,"2004-11-22",14,0.926,0.916,10,-2.221,0,0.0929,0.35,6.17e-06,0.0234,0.904,110.007,4
273,"5FLctoy4mpCxLJ1QPneTOV","Nelly","Hot In Herre",228240,"Nellyville",3,"2002-06-25",20,0.957,0.737,2,-4.88,1,0.115,0.21,0,0.0616,0.934,107.088,4
274,"4QlzkaRHtU8gAdwqjWmO8n","The Cure","Friday I'm In Love",215160,"Wish",7,"1992-01-01",12,0.526,0.763,0,-12.663,0,0.0341,0.00126,6.75e-05,0.359,0.514,136.205,4
275,"29YcYtqUNLWaYvGVGdYtZy","Cliff Richard","Devil Woman - 2001 Remaster",217373,"I'm Nearly Famous",8,"1976",18,0.706,0.686,0,-8.234,1,0.0498,0.273,0.00647,0.16,0.837,116.759,4
276,"6TvxPS4fj4LUdjw2es4g21","ABBA","Slipping Through My Fingers",233720,"The Visitors (Deluxe Edition)",8,"1981",16,0.475,0.26,5,-15.997,1,0.0322,0.796,0.0016,0.109,0.339,137.212,4
277,"0Y2SrByf4G3kbq2nBEHQRn","Norman Greenbaum","Spirit in the Sky",239600,"Music From The Motion Picture Michael",11,"1996",11,0.601,0.643,2,-5.828,1,0.0314,0.112,0.00209,0.088,0.552,128.262,4
278,"4cqHVuDLFbO1XCr4nmks4S","Sheryl Crow","All I Wanna Do",272106,"Tuesday Night Music Club",9,"1993-08-03",11,0.82,0.528,9,-11.179,1,0.0321,0.111,0.0186,0.257,0.931,120.091,4
279,"1MAqR81Tz28IIqMJ2KUDAO","Fugees","Killing Me Softly With His Song",298773,"The Score",8,"1996",17,0.765,0.29,4,-17.117,0,0.139,0.0279,1.02e-06,0.571,0.506,92.409,4
280,"3ZE3wv8V3w2T2f7nOCjV0N","David Bowie","Life on Mars? - 2015 Remaster",235986,"Hunky Dory (2015 Remaster)",4,"1971-12-17",11,0.442,0.384,10,-14.635,1,0.0414,0.639,7.7e-05,0.0539,0.216,123.281,4
281,"0pQskrTITgmCMyr85tb9qq","David Bowie","Starman - 2012 Remaster",254293,"The Rise and Fall of Ziggy Stardust and the Spiders from Mars (2012 Remaster)",4,"1972-06-06",11,0.486,0.449,5,-10.298,1,0.0267,0.166,2.23e-06,0.54,0.549,100.456,4
282,"0DQqzCHlPyKQXfF8uL01SI","The Kinks","Sunny Afternoon - Mono Mix",210525,"Face to Face (Deluxe Edition)",13,"1966-10-28",42,0.595,0.462,2,-8.414,0,0.0259,0.102,0,0.0641,0.526,124.991,4
283,"0uI4aw6ms90qFNawk9H9CO","INXS","Need You Tonight",181240,"Kick 30",4,"1987-10-19",39,0.793,0.61,0,-7.685,1,0.0832,0.0473,0.487,0.0877,0.781,108.698,4
284,"0P6CPJrNJ1Zt755CQTWg3S","B*Witched","C'est La Vie",173693,"C'est la Vie: The Collection",1,"1998-03-25",34,0.705,0.936,7,-5.109,1,0.0306,0.0978,0.000124,0.0506,0.938,109.004,4
285,"0IMOKJyVkk1qgLEkAWOaxo","Steps","5, 6, 7, 8",203480,"The Collection",8,"1998",38,0.711,0.997,2,-5.281,1,0.0386,0.0171,0.608,0.289,0.948,140.044,4
286,"5qGwqO0lkbBXw4xNfzT7SF","Spice Girls","Spice Up Your Life",173666,"Spiceworld",1,"1997-01-01",10,0.556,0.993,1,-5.067,1,0.0464,0.0105,0.0341,0.403,0.702,124.016,4
287,"6JY1IdkZGeIcPegKxjSKeb","Kelly Clarkson","Since U Been Gone",188960,"Breakaway",2,"2004",12,0.662,0.739,9,-5.354,0,0.0322,0.00206,0.0603,0.113,0.382,130.999,4
288,"1w6R4C1WQYRHCKLq1FBuIs","Black Lace","Agadoo",189293,"What a Party!",1,"1998-09-07",19,0.619,0.955,4,-6.381,1,0.0324,0.00548,0,0.0433,0.952,131.988,4
289,"3ypMsqUwfNFMiooMLVHfkp","Village People","YMCA",202573,"Can't Stop the Music (Original Soundtrack 1980)",8,"1980",10,0.742,0.696,6,-7.871,1,0.0735,0.19,0,0.151,0.84,126.432,3
290,"1pAAPoExFWoQWNENkhenwS","JLS","Beat Again - Radio Edit",199160,"JLS",1,"2009-11-06",13,0.884,0.918,11,-5.937,1,0.0697,0.0222,0,0.068,0.968,120.018,4
291,"1EflNuGtIko1YjBAmbZAQr","Take That","Relight My Fire (feat. Lulu)",251760,"Everything Changes",4,"1993",17,0.653,0.943,9,-7.315,1,0.0515,0.0379,0,0.0989,0.925,122.586,4
292,"0WnEC1qCyCewXRq5yfJPzW","JLS","She Makes Me Wanna (feat. Dev)",219866,"Jukebox",1,"2011-11-14",12,0.682,0.843,0,-4.466,1,0.0936,0.0564,0,0.368,0.817,125.953,4
293,"5j4RaTG3kjLlreau6KjLrf","Madness","Baggy Trousers",166760,"Absolutely",1,"1980-09-26",42,0.641,0.888,0,-5.213,0,0.0364,0.144,0,0.347,0.958,144.786,4
294,"3WkPRXJvKa7tRAvx5g0idb","Madness","It Must Be Love",206266,"7",20,"1981-10-02",24,0.536,0.606,7,-5.364,1,0.0355,0.103,1.08e-05,0.255,0.719,146.425,4
295,"20dJqXmaaytpFTDFO4grgg","Madness","Driving In My Car",198266,"Full House - The Very Best of Madness",15,"2017-11-17",42,0.764,0.918,4,-4.822,0,0.0324,0.149,0.167,0.0665,0.972,123.137,4
296,"2yCXjCr32mfkJ4JPxQ35dz","T. Rex","I Love To Boogie",135666,"Dandy In The Underworld",5,"1977-03-11",17,0.62,0.801,9,-10.775,1,0.238,0.0327,0.012,0.0499,0.411,175.619,4
297,"1FvG5AZm68WSFQj3fJywoy","T. Rex","Hot Love - A Side",295480,"Electric Warrior (Deluxe Edition)",13,"1971-09-24",37,0.565,0.543,11,-8.505,0,0.0376,0.0839,0.0521,0.0867,0.486,130.983,4
298,"0bHm2wFL0m7qZIlhO7PQu5","Buzzcocks","Ever Fallen in Love (With Someone You Shouldn't've?) - 1996 Remastered Version",163693,"Love Bites (Special Edition)",2,"1978-09-22",45,0.266,0.831,4,-9.07,1,0.0453,0.000862,0,0.0555,0.778,175.514,4
299,"5jzma6gCzYtKB1DbEwFZKH","The Clash","London Calling - Remastered",200480,"London Calling (Remastered)",1,"1979",19,0.651,0.801,0,-7.34,1,0.0514,0.123,0,0.0825,0.776,133.769,4
300,"5YSI1311X8t31PBjkBG4CZ","Kate Bush","Wuthering Heights",269066,"The Kick Inside",6,"1978-02-17",13,0.481,0.392,1,-11.381,1,0.0312,0.366,0.0452,0.124,0.52,124.572,4
301,"0rme3FLbw5o1KLXpJzivjS","The B-52's","Rock Lobster",412032,"B-52's",4,"1979-01-01",9,0.603,0.814,8,-11.51,1,0.048,0.0462,0.0265,0.0509,0.486,92.24,4
302,"6cFaRahEaLyew4ATx1QaUx","Steve Harley","Make Me Smile (Come up and See Me)",404600,"Face to Face (A Live Recording)",15,"1977-07-01",15,0.327,0.905,0,-6.678,1,0.5,0.236,0.000106,0.653,0.271,135.294,4
303,"6QPKYGnAW9QozVz2dSWqRg","Adele","Someone Like You",285240,"21",11,"2011-01-19",11,0.554,0.321,9,-8.251,1,0.028,0.893,0,0.0996,0.288,135.047,4
304,"3FmAUR4SPWa3P1KyDf21Fu","The Police","Roxanne - Remastered 2003",191500,"Outlandos D'Amour (Remastered)",3,"1978-11-02",10,0.618,0.748,0,-8.905,1,0.361,0.0384,4.1e-06,0.0477,0.662,134.001,4
305,"4CcSw8wQAHYf4XNckayPoc","Annie Lennox","Walking on Broken Glass",253295,"Diva",2,"1992-04-02",11,0.749,0.562,0,-8.45,1,0.0281,0.215,1.1e-06,0.105,0.807,115.008,4
306,"5uHnDHx5J48FdT6FjwA7Z8","All Saints","Pure Shores",268746,"The Beach (Original Motion Picture Soundtrack)",2,"2000-02-01",14,0.631,0.664,6,-9.197,1,0.0242,0.0498,0.00042,0.0696,0.407,100.618,4
307,"0LEoCPq4QlV2h41Fm5ENJ3","Pulp","Common People",350373,"Different Class / Deluxe Edition",3,"1995-10-30",23,0.319,0.839,0,-7.341,1,0.0404,0.00596,7.99e-05,0.0764,0.538,144.938,4
308,"2CT3r93YuSHtm57mjxvjhH","Oasis","Wonderwall",258613,"Stop The Clocks",6,"2006-11-19",18,0.409,0.892,2,-4.373,1,0.0336,0.000807,0,0.207,0.651,174.426,4
309,"3XEtw7t4V5sfd2vtkp0ql7","Sade","Smooth Operator - Single Version",258693,"The Best Of Sade",3,"1994-10-31",16,0.734,0.58,9,-6.619,0,0.0321,0.238,0.0006,0.0298,0.962,119.336,4
310,"2AX5E86cn9n2dgioZEjirI","The Stranglers","Golden Brown",206760,"La Folie",9,"1981",17,0.562,0.383,6,-15.474,1,0.0304,0.143,0.124,0.138,0.599,93.764,3
311,"4XX1pFUkQOZTYp6Hb6a6Ae","Bananarama","Venus",229164,"True Confessions (Collector's Edition)",6,"1986-01-01",17,0.722,0.961,9,-4.812,1,0.0514,0.0883,0.61,0.278,0.91,126.113,4
312,"4tyl9OMKMG8F2L0RUYQMH3","Dire Straits","Walk Of Life",249960,"Brothers In Arms (Remastered)",3,"1985-05-13",9,0.461,0.918,4,-8.507,1,0.0959,0.405,0.00033,0.126,0.802,172.435,4
313,"4uOKFydzAejjSFqYbv1XPt","UB40","Red Red Wine",183733,"The Very Best Of",5,"2000",18,0.857,0.468,1,-8.53,1,0.0476,0.00414,1.32e-05,0.269,0.843,89.119,4
314,"39lSeqnyjZJejRuaREfyLL","Duran Duran","Hungry Like the Wolf - 2009 Remaster",220626,"Rio (Collector's Edition)",4,"1982-05-10",29,0.691,0.812,0,-7.772,1,0.0558,0.0433,1.16e-06,0.299,0.685,127.568,4
315,"31MOjWj3CT3dCQsMV2b8Wu","New Order","Blue Monday '88",244720,"The Best of New Order",15,"1994-01-01",16,0.681,0.893,7,-8.485,1,0.0378,6.47e-05,0.383,0.0626,0.951,130.475,4
316,"33EWQl3SDMyCyloqA6A3B6","Fatboy Slim","Praise You (Remastered)",225973,"Why Try Harder - Greatest Hits",2,"2006-06-05",18,0.624,0.879,1,-6.663,1,0.0488,0.0352,0.575,0.127,0.526,109.73,4
317,"2JO3HwMRPeya8bXbtbyPcf","Joy Division","Love Will Tear Us Apart",206866,"The Best Of",9,"2008-03-20",14,0.443,0.956,2,-6.198,1,0.0511,5.24e-05,0.825,0.135,0.909,146.754,4
318,"5MMnwYs0hIxkENRsbkWJ2G","Deep Purple","Smoke On The Water - Remastered 2012",340742,"Machine Head (Remastered)",5,"1972-03-25",8,0.598,0.676,0,-9.211,1,0.0279,0.13,0.225,0.112,0.805,114.169,4
319,"3NYCaxkggl0Hh8vQptSUvV","Orchestral Manoeuvres In The Dark","Enola Gay - Remastered",213693,"Organisation",1,"1980-10-24",15,0.559,0.764,2,-7.058,0,0.0348,0.00441,0.0299,0.0807,0.932,143.319,4
320,"6catF1lDhNTjjGa2GxRQNN","Gerry & The Pacemakers","You'll Never Walk Alone - Mono; 2002 Remaster",160186,"You'll Never Walk Alone (The EMI Years 1963-1966)",14,"2008-02-11",123,0.484,0.265,0,-11.101,1,0.0322,0.394,0,0.149,0.285,113.564,3
321,"317IZhdCGvInrl3vcmxOlq","Lulu","Shout",172133,"The EP Collection",23,"1996-11-07",23,0.443,0.715,4,-10.329,1,0.0372,0.248,0.000541,0.459,0.872,143.655,4
322,"2oUeXNq3vYqB60LB1D219g","Status Quo","Rockin' All Over The World",217453,"Rockin' All Over The World",7,"1977",13,0.617,0.962,0,-5.314,1,0.0449,0.129,0.00171,0.511,0.968,131.434,4
323,"1zHvfz7GBJm68ntwZ14rwE","Bay City Rollers","Bye Bye Baby",172133,"Bay City Rollers: The Definitive Collection",6,"1974",20,0.628,0.682,7,-8.413,1,0.0272,0.299,0,0.356,0.66,128.318,4
324,"3YjVI3DCZfr7YkEQC7VNP8","Apache Indian","Boom Shack-A-Lak - Edit",227800,"Party Triple Set",6,"2002-08-25",57,0.747,0.751,6,-6.239,0,0.0278,0.0163,5.94e-06,0.79,0.879,134.028,4
325,"3U9B0ZcnVPisVh9wGOg6qL","T'Pau","China In Your Hand - Single Version",247026,"Hits",1,"2005-01-01",17,0.386,0.725,11,-6.896,1,0.0395,0.361,0,0.122,0.283,139.843,4
326,"79z9QkhHePTFsSeVw9uyj0","Lily Allen","Smile",196893,"Alright, Still (Deluxe)",1,"2006-07-14",19,0.632,0.639,5,-5.938,1,0.0259,0.00143,0,0.221,0.733,95.506,4
327,"0BCPKOYdS2jbQ8iyB56Zns","Coldplay","Clocks",307879,"A Rush of Blood to the Head",5,"2002-08-08",11,0.577,0.749,5,-7.215,0,0.0279,0.599,0.0115,0.183,0.255,130.97,4
328,"2nGFzvICaeEWjIrBrL2RAx","Corinne Bailey Rae","Put Your Records On",215360,"Corinne Bailey Rae",3,"2006-01-01",11,0.739,0.511,9,-7.844,1,0.0362,0.167,1.34e-06,0.133,0.542,96.038,4
329,"3V07f70cRjUDg4KqDzHhFg","Gerry Rafferty","Baker Street",365626,"City to City",2,"1978",10,0.497,0.349,7,-14.0,1,0.0297,0.0929,0.028,0.259,0.421,113.762,4
330,"0ygTmpa6uSotkBkTiwcMZ4","Duffy","Warwick Avenue",226386,"Rockferry (Deluxe Edition)",2,"2008-01-01",17,0.493,0.59,0,-5.814,0,0.0392,0.339,0,0.121,0.502,169.908,4
331,"756CJtQRFSxEx9jV4P9hpA","The Darkness","I Believe in a Thing Called Love",217653,"Permission to Land",4,"2003-07-07",11,0.442,0.846,4,-5.214,1,0.0764,0.0538,4.71e-06,0.282,0.622,128.235,4
332,"6IZWJhXyk1Z0rtWNxIi4o7","The Housemartins","Happy Hour",145000,"London 0 Hull 4",1,"1986-01-01",16,0.535,0.837,10,-11.048,1,0.039,0.097,2.99e-06,0.189,0.903,95.911,4
333,"4aVuWgvD0X63hcOCnZtNFA","TOTO","Hold the Line",235546,"Toto",9,"1978-10-10",10,0.473,0.898,6,-4.797,0,0.0561,0.00783,0.0618,0.173,0.808,96.556,4
334,"7IhkWF9zpiYKlU7CxHxYT9","Free","All Right Now",332906,"Fire And Water (Deluxe Edition)",7,"2008-01-01",30,0.766,0.446,2,-13.079,1,0.0867,0.25,0.000704,0.318,0.743,119.774,4
335,"72ahyckBJfTigJCFCviVN7","Electric Light Orchestra","Don't Bring Me Down",243373,"Discovery",9,"1979-05-31",9,0.638,0.867,2,-6.469,1,0.0331,0.144,0.000733,0.0846,0.805,115.692,4
336,"2iAq1y8jEVOQM6OA8L0XtO","Thin Lizzy","The Boys Are Back In Town",266720,"Jailbreak (Deluxe Edition)",6,"1976",20,0.319,0.712,8,-9.742,1,0.0535,0.242,0.000414,0.294,0.773,78.114,4
337,"2EC9IJj7g0mN1Q5VrZkiYY","David Bowie","Rebel Rebel - 2016 Remaster",274746,"Diamond Dogs (2016 Remaster)",6,"1974-05-24",11,0.635,0.686,9,-15.648,1,0.053,0.209,0.0176,0.282,0.464,125.988,4
338,"6vxHp3CDNo0afgKGp2yi1E","Paul Simon","Me and Julio Down by the Schoolyard",164813,"Paul Simon",6,"1972-01-14",14,0.626,0.816,9,-10.593,1,0.131,0.237,1.8e-06,0.104,0.798,105.307,4
339,"15sDqgQlCnodCSUXsj1NTu","Ram Jam","Black Betty",148706,"Rock Classics",6,"2008-05-02",36,0.588,0.795,0,-10.101,1,0.295,0.141,0,0.206,0.717,119.555,4
340,"5xPazRvyrkVootu8pM9vUG","Adele","Rolling in the Deep",228093,"Rolling In The Deep",1,"2010-11-30",1,0.73,0.77,8,-5.114,1,0.0298,0.138,0,0.0473,0.507,104.948,4
341,"0cj2joJcY6b4XSRfj2eZOl","Adele","When We Were Young",290900,"25",4,"2015-11-20",11,0.377,0.595,3,-5.936,1,0.0489,0.303,0,0.095,0.264,144.464,4
342,"7rPLZ8Krm6CZIbraFUlnWZ","Adele","Make You Feel My Love",212040,"19",9,"2008-01-28",17,0.325,0.18,10,-10.647,1,0.0311,0.91,0.000633,0.113,0.0997,72.416,1
343,"5gcj6l37gMBeSAjFnSKeWh","Adele","Chasing Pavements (Live at Hotel Cafe)",232200,"19",1,"2008-01-28",22,0.545,0.267,0,-9.492,0,0.0392,0.907,0,0.669,0.202,78.075,4
344,"0GONea6G2XdnHWjNZd6zt3","Bryan Adams","Summer Of '69",216053,"Reckless (30th Anniversary / Deluxe Edition)",6,"1984-11-05",32,0.508,0.834,2,-6.205,1,0.0386,0.0183,0,0.0732,0.774,139.131,4
345,"7723JnKU2R15Iv4T7OJrly","Lipps Inc.","Funky Town",239253,"Paradas Continuas",8,"2009-10-20",23,0.906,0.63,0,-8.071,1,0.0575,0.000547,0.616,0.0994,0.342,122.458,4
346,"0wQy2OO7jKjm0OOmA7gv3f","Michael Jackson","Thriller - 2003 Edit",311440,"Number Ones",5,"2003-11-18",18,0.775,0.852,11,-4.813,1,0.0528,0.0892,2.35e-05,0.823,0.836,118.561,4
347,"62LJFaYihsdVrrkgUOJC05","Prince","Kiss",226240,"Parade - Music from the Motion Picture Under the Cherry Moon",10,"1986-03-31",12,0.898,0.271,7,-12.238,1,0.091,0.0135,0.00138,0.0461,0.742,111.485,4
348,"3OeUlriM0EZHdWleJtjoVr","George Harrison","Got My Mind Set On You - Remastered 2004",234653,"Cloud Nine",11,"1987-11-02",14,0.767,0.854,4,-6.947,1,0.0426,0.465,2.03e-06,0.485,0.963,149.206,4
349,"0qi4b1l0eT3jpzeNHeFXDT","Depeche Mode","Just Can't Get Enough",220893,"Speak And Spell (Deluxe)",11,"1981-11-02",16,0.766,0.772,0,-9.362,1,0.0353,0.403,0.0584,0.183,0.919,128.168,4
350,"0RMo4bixbZYfzuJ4AYBLu9","Deniece Williams","Let's Hear It for the Boy",260493,"Let's Hear It For The Boy",1,"1984",10,0.81,0.386,7,-14.932,1,0.0595,0.0778,0.00112,0.0404,0.812,122.585,4
351,"1OsCKwNZxph96EkNusILRy","Kool & The Gang","Get Down On It - Single Version",212906,"The Very Best Of Kool & The Gang",2,"1999-01-01",21,0.879,0.626,7,-6.344,1,0.0604,0.205,6.07e-05,0.056,0.968,110.864,4
352,"0bvpSvOYt4KTfZIZJmyFOs","Billy Idol","White Wedding",506226,"Vital Idol",1,"1985",7,0.677,0.62,9,-11.766,1,0.0364,0.0335,0.0529,0.285,0.672,146.74,4
353,"43r1dGvg8RkARjctRlSYNC","Cameo","Word Up",261000,"Word Up",1,"1986-01-01",7,0.863,0.839,6,-13.1,0,0.0616,0.0479,0.00784,0.0467,0.878,116.215,4
354,"0q4xWbV08szzUpGPhVsrcD","Kim Wilde","Kids In America",204480,"The Very Best Of Kim Wilde",1,"2001",18,0.566,0.769,4,-4.973,1,0.0469,0.0597,0,0.579,0.324,159.651,4
355,"0UYit2SshaoGD45cp21LEI","Spandau Ballet","Gold",231480,"Spandau Ballet ''The Story'' The Very Best of (Deluxe)",9,"2014-10-10",35,0.711,0.74,10,-7.776,0,0.036,0.261,0.0114,0.104,0.638,143.047,4
356,"5suJZTE8SpSmR4zMqxLg3V","Boy Meets Girl","Waiting for a Star to Fall",266213,"80s 100 Hits",65,"2010-02-26",100,0.656,0.734,3,-10.25,1,0.028,0.0896,9.99e-05,0.301,0.591,116.246,4
357,"2vEQ9zBiwbAVXzS2SOxodY","Starship","Nothing's Gonna Stop Us Now",270333,"No Protection",2,"1987",11,0.643,0.801,6,-4.921,1,0.0228,0.0298,0,0.0719,0.534,95.988,4
358,"028r3igL3M00VdRCe2Ga7Q","Daryl Hall & John Oates","Maneater - Radio Edit",270946,"80s 100 Hits - Volume 2",61,"2011-04-08",100,0.728,0.518,11,-11.114,0,0.038,0.0153,4.19e-05,0.103,0.833,88.708,4
359,"0eHZ7dpv4iT7bMEYDoILIa","Cher","If I Could Turn Back Time",239826,"Heart Of Stone",1,"1989-01-01",12,0.658,0.575,11,-10.365,1,0.0267,0.243,0,0.122,0.504,108.329,4
360,"2H7PHVdQ3mXqEHXcvclTB0","Prince","1999",379266,"1999",1,"1982-10-27",11,0.866,0.73,5,-8.201,1,0.0767,0.137,0,0.0843,0.625,118.523,4
361,"6fsSZbNL7XP9gf1kJ2l155","Cher","Gypsys, Tramps & Thieves",158000,"Gypsys, Tramps & Thieves",2,"1971-01-01",10,0.476,0.677,0,-11.175,1,0.0365,0.211,0,0.0601,0.691,170.879,4
362,"6tASfEUyB7lE2r6DLzURji","Wham!","Club Tropicana",265600,"Fantastic",7,"1983-07-09",11,0.658,0.714,11,-9.247,1,0.0519,0.0294,5.7e-05,0.651,0.806,117.283,4
363,"5fmvZgUFuUq1SnzT3S6y4o","ABBA","Ring Ring - English Version",184733,"Ring Ring (Deluxe Edition)",1,"1973",25,0.558,0.882,9,-9.123,1,0.0348,0.0128,8.78e-05,0.093,0.972,137.078,4
364,"3UL6Lzsocv9Ucizgzid2B0","Vengaboys","We like to Party! (The Vengabus)",222458,"Greatest Hits!",1,"2000",16,0.785,0.931,8,-4.813,1,0.0465,0.0152,0.641,0.046,0.969,135.993,4
365,"4BM8yJ0PzBi2ZewpMTOxtx","ABBA","Fernando",252960,"Arrival",11,"1976",12,0.354,0.535,9,-8.876,1,0.0303,0.627,2.9e-06,0.0808,0.434,110.821,4
366,"6rbq19d93QQebT1yG1CZg9","The Heavy Band","Get Ready For This",171300,"Heavy Metal Vol.3",10,"2010-05-20",15,0.822,0.882,11,-13.729,0,0.0725,0.0107,0.954,0.233,0.897,124.993,4
367,"4DoE6eF5rYn5OfXsbZorW5","Anastacia","I'm Outta Love",245400,"The Best of Anastacia",1,"1999",31,0.761,0.716,10,-5.8,0,0.056,0.396,0,0.0771,0.649,119.41,4
368,"668Ggcoajuo3lKdZTxN8QZ","Gabriella","Gotta Go My Own Way",176960,"High School Musical 2: Non-Stop Dance Party",3,"2007-01-01",12,0.613,0.933,9,-3.894,1,0.12,0.0161,0.0137,0.302,0.566,116.069,4
369,"06Lkh9pos7UT1WzVFpOCWj","Troy","Bet On It",231093,"High School Musical 2: Non-Stop Dance Party",8,"2007-01-01",12,0.695,0.855,0,-4.937,0,0.0844,0.00661,0,0.328,0.694,137.014,4
370,"2CVfIdaEnUf87TvfYBNtsN","High School Musical Cast","Work This Out",178760,"High School Musical 2: Non-Stop Dance Party",5,"2007-01-01",12,0.732,0.937,10,-4.307,0,0.0369,0.00382,0,0.331,0.595,122.07,4
371,"5xqdvCH8vYWqk90X0HJ2z3","Gloria Gaynor","I Will Survive",197573,"Universal Masters Collection",3,"1999-01-01",18,0.772,0.634,0,-10.264,1,0.0417,0.0187,0.00301,0.293,0.663,116.256,4
372,"40IHflbrHcOuC8ZcYxUSAC","ABBA","One Of Us",237013,"The Visitors (Deluxe Edition)",6,"1981",16,0.652,0.397,7,-15.245,1,0.0385,0.478,0.000946,0.0679,0.858,82.235,4
373,"4WFeJTXNHIS2wURtwlAkhu","Little Nell","Time Warp",199366,"The Rocky Horror Picture Show - Original Soundtrack",4,"1975-01-10",16,0.387,0.665,1,-11.323,0,0.225,0.145,0.00167,0.092,0.541,174.896,4
374,"7rWgGyRK7RAqAAXy4bLft9","ABBA","Angeleyes",260893,"Voulez-Vous",4,"1979",13,0.719,0.922,11,-6.091,1,0.0338,0.523,0.000163,0.0867,0.964,133.113,4
375,"3ssX20QT5c3nA9wk78V1LQ","2Pac","Ambitionz Az A Ridah",278386,"All Eyez On Me",1,"1996-02-13",27,0.801,0.908,2,-6.554,1,0.221,0.00253,0.000655,0.0698,0.805,87.279,4
376,"3djNBlI7xOggg7pnsOLaNm","2Pac","California Love - Original Version",284480,"The Best of 2Pac",2,"2007-12-03",11,0.761,0.847,7,-3.068,1,0.0417,0.0292,2.26e-06,0.39,0.765,91.519,4
377,"20LxTsa6936zOlzTWqoPVt","Dr. Dre","The Next Episode",161600,"2001 (Explicit Version)",11,"1999-11-16",22,0.92,0.891,3,-2.398,0,0.253,0.0313,0,0.083,0.311,95.295,4
378,"3NGT0Td7H4Is1qrlDQJxma","Ice Cube","Check Yo Self - Remix",273106,"Bootlegs And B-Sides",6,"1994-11-22",13,0.934,0.735,1,-6.668,1,0.251,0.031,8.6e-06,0.107,0.768,101.368,4
379,"5VGlqQANWDKJFl0MBG3sg2","Kings of Leon","Use Somebody",230760,"Only By The Night",4,"2008-09-23",11,0.276,0.715,0,-5.356,1,0.0432,0.00552,0.000417,0.201,0.173,137.028,4
380,"3QHPHLAkYV5cQBUYs6rowx","Kanye West","Gold Digger",207626,"Late Registration",4,"2005-01-01",22,0.629,0.696,1,-5.572,0,0.348,0.0195,0,0.0554,0.623,93.034,4
381,"2oTDOIAdsxPTE7yAp4YOcv","House Of Pain","Jump Around",214946,"House Of Pain",2,"1992",19,0.854,0.71,4,-6.32,0,0.0793,0.0113,8.72e-05,0.166,0.818,106.894,4
382,"1VZ04sZSpTet7wVMyZphA8","Three Dog Night","Joy To The World",214960,"The Collection",1,"2003-01-01",17,0.591,0.726,2,-13.545,1,0.0315,0.0384,2.49e-06,0.119,0.968,129.057,4
383,"1hrsEHe39nYu1pJx0Nrxd7","Take That","Shine",211506,"Beautiful World",6,"2006-01-01",11,0.581,0.852,8,-3.4,1,0.0372,0.0312,0,0.103,0.765,90.01,4
384,"2bCQHF9gdG5BNDVuEIEnNk","Michael Jackson","Smooth Criminal - 2012 Remaster",257760,"Bad 25th Anniversary",10,"1987-08-31",24,0.853,0.981,8,-3.947,1,0.0751,0.247,0.468,0.306,0.595,118.193,4
385,"46eu3SBuFCXWsPT39Yg3tJ","Michael Jackson","Don't Stop 'Til You Get Enough",365466,"Off the Wall",1,"1979-08-10",10,0.878,0.821,11,-9.875,1,0.089,0.126,0.0461,0.183,0.947,118.881,4
386,"0jWgAnTrNZmOGmqgvHhZEm","4 Non Blondes","What's Up?",295533,"Bigger, Better, Faster, More !",3,"1992-01-01",11,0.565,0.564,2,-10.044,1,0.0292,0.161,0,0.114,0.454,134.355,4
387,"6xM8oBy40nK1rOd8WmoOPx","Paolo Nutini","Last Request",220413,"These Streets",2,"2007-01-30",10,0.605,0.704,5,-6.564,1,0.0476,0.241,0,0.137,0.4,80.925,4
388,"1B1Y52ftMyCmgjPsEMQDqq","Thompson Twins","Hold Me Now",286666,"Into The Gap",3,"1984-03-01",9,0.787,0.516,7,-12.792,1,0.0332,0.66,1.1e-05,0.293,0.882,108.19,4
389,"35kyKr5ArvTnFlldwR7JAD","Junior Senior","Move Your Feet",181826,"D-D-Don't Don't Stop The Beat",3,"2002-03-04",11,0.747,0.904,9,-2.623,1,0.0803,0.046,0.106,0.203,0.846,118.877,4
390,"7Ly2tIoUAsHnr4XaDJ8h8l","Zac Efron","What Time Is It",201000,"What Time Is It?",1,"2007-01-01",1,0.744,0.917,5,-3.279,0,0.0796,0.125,0,0.286,0.732,116.051,4
391,"66N7JHuGc205BK90l9gSlb","Madness","House of Fun",178146,"The Rise & Fall",18,"1982-10-08",30,0.746,0.921,7,-6.086,1,0.0341,0.265,0.00166,0.496,0.92,128.081,4
392,"4euAGZTszWPrriggYK0HG9","ABBA","Lay All Your Love On Me",274466,"Super Trouper",9,"1980",12,0.678,0.727,2,-7.844,0,0.0258,0.117,0.00396,0.354,0.71,133.481,4
393,"7krtdt69mHq3MNAzRDpep9","Melodyia Music","Breaking Free",209189,"Now Or Never",1,"2014-09-05",13,0.581,0.594,0,-6.977,0,0.0381,0.0382,0,0.14,0.338,107.942,4
394,"7GbqE3MlkKosIaCvf50JRK","Christina Aguilera","Lady Marmalade - From ""Moulin Rouge"" Soundtrack",264893,"Moulin Rouge",2,"2001-09-03",16,0.76,0.801,5,-3.769,1,0.0534,0.0144,1.49e-05,0.665,0.653,109.919,4
395,"43eBgYRTmu5BJnCJDBU5Hb","Duran Duran","Rio - 2009 Remaster",337333,"Rio (Collector's Edition)",1,"1982-05-10",29,0.544,0.873,9,-7.425,1,0.0525,0.0415,1.82e-05,0.0925,0.676,140.902,4
396,"4EFkvOhgAmlHEfDfvfSoh5","Duran Duran","Girls on Film - 2010 Remaster",212853,"Duran Duran (Deluxe Edition)",1,"1981-06-15",27,0.725,0.859,7,-6.208,1,0.0636,0.0173,0.0137,0.048,0.53,131.697,4
397,"265Anh9hGoozFigjUVLUeD","Paolo Nutini","New Shoes",203653,"These Streets",6,"2007-01-30",10,0.748,0.735,8,-8.692,1,0.0903,0.47,1.09e-05,0.0851,0.854,150.04,4
398,"2jppsxdHlNHz9eK0QyYlTq","Beyoncé","If I Were a Boy",249146,"I AM...SASHA FIERCE",1,"2008-11-17",11,0.632,0.518,6,-6.126,1,0.0313,0.107,0,0.354,0.427,90.007,4
399,"5kVU4z9zL3M7w7EVhBBbEF","Plan B","She Said",208853,"The Defamation of Strickland Banks",4,"2010-04-09",13,0.72,0.538,3,-5.85,0,0.141,0.301,3.03e-06,0.144,0.815,147.007,4
400,"0n2SEXB2qoRQg171q7XqeW","Santana","Smooth (feat. Rob Thomas)",294986,"Supernatural (Remastered)",5,"1999-06-15",14,0.609,0.923,9,-3.908,1,0.0338,0.16,4.73e-06,0.295,0.961,115.996,4
401,"1D4PL9B8gOg78jiHg3FvBb","Taylor Swift","Love Story",236266,"Fearless (Big Machine Radio Release Special)",6,"2008-11-11",26,0.617,0.741,2,-3.97,1,0.0311,0.131,0,0.0772,0.306,118.984,4
402,"0tm6gsXe0LSm9zeSspyMQu","The Sugarhill Gang","Rapper's Delight - Single Version",235840,"The Sugarhill Gang - 30th Anniversary Edition (Expanded Version)",6,"2010-01-01",10,0.917,0.692,2,-11.665,1,0.244,0.185,1.09e-05,0.0686,0.819,111.782,4
403,"5O3ixWBrCak6mnsSCm1ELH","Calvin Harris","Acceptable in the 80's",333120,"Acceptable In The 80s",2,"2007-04-30",5,0.777,0.811,7,-5.447,1,0.0491,0.0117,0.251,0.0508,0.931,128.004,4
404,"6nCDnzErqalOaIY3EJM8NK","Lady Gaga","Telephone",220626,"The Fame Monster (UK Deluxe)",6,"2009-01-01",24,0.825,0.832,5,-5.853,0,0.0403,0.00587,0.000789,0.114,0.713,122.021,4
405,"3mqRLlD9j92BBv1ueFhJ1l","Blur","Parklife",187040,"Blur: The Best Of",6,"2000-10-23",18,0.632,0.877,4,-6.905,1,0.0606,0.154,0,0.328,0.749,138.391,4
406,"5xoUgPXbMNUmoHU0Enwtwq","The Kooks","She Moves In Her Own Way",169306,"Inside In / Inside Out",7,"2006-01-01",14,0.41,0.803,7,-5.363,1,0.0623,0.239,0,0.103,0.814,153.315,4
407,"6Ct1AsE9oTWUg1rmvIWJKM","Black Eyed Peas","Let's Get It Started - Spike Mix",217733,"Let's Get It Started",1,"2004-01-01",3,0.785,0.799,11,-2.208,0,0.126,0.117,0,0.292,0.797,104.923,4
408,"5T7ZFtCcOgkpjxcuaeZbw0","One Direction","Best Song Ever",200106,"Midnight Memories (Deluxe)",1,"2013-11-25",18,0.652,0.877,1,-2.986,1,0.0465,0.0227,0,0.0789,0.486,118.491,4
409,"2zX22RoaGg8KGuNCzSBwBP","Alexis Jordan","Happiness",242786,"Happiness",1,"2010-10-31",1,0.718,0.768,8,-7.041,1,0.115,0.115,0,0.565,0.483,127.949,4
410,"1FSWSs9CL01RCYxXtm08Rf","Olly Murs","Dance with Me Tonight",202226,"In Case You Didn't Know",3,"2011-11-28",13,0.672,0.748,11,-5.922,0,0.0589,0.305,0,0.0811,0.964,163.984,4
411,"4pNiE4LCVV74vfIBaUHm1b","Stevie Wonder","Sir Duke",232760,"Songs In The Key Of Life",5,"1976-09-28",21,0.588,0.568,6,-9.766,1,0.0672,0.16,0,0.0792,0.952,106.938,4
412,"1uXbwHHfgsXcUKfSZw5ZJ0","Beyoncé","Run the World (Girls)",236093,"4",11,"2011-06-24",14,0.733,0.899,0,-4.237,1,0.143,0.00496,4.72e-05,0.372,0.76,127.086,4
413,"6hHXft1nFyvfVv6UoRToPZ","ABBA","Our Last Summer",259733,"Super Trouper",7,"1980",12,0.504,0.528,2,-7.889,1,0.0244,0.72,6.28e-05,0.432,0.414,98.341,4
414,"0cqRj7pUJDkTCEsJkx8snD","Taylor Swift","Shake It Off",219200,"1989 (Deluxe)",6,"2014-01-01",19,0.647,0.8,7,-5.384,1,0.165,0.0647,0,0.334,0.942,160.078,4
415,"1LOZMYF5s8qhW7Rv4w2gun","10cc","Dreadlock Holiday",267946,"Bloody Tourists",1,"1978",13,0.837,0.38,7,-13.341,0,0.064,0.541,0.00789,0.198,0.892,104.995,4
416,"5xEM5hIgJ1jjgcEBfpkt2F","Avril Lavigne","Complicated",244506,"Let Go",2,"2002-06-04",13,0.585,0.776,5,-5.898,1,0.0459,0.0572,7.74e-06,0.3,0.427,77.987,4
417,"1KU5EHSz04JhGg3rReGJ0N","Alannah Myles","Black Velvet",287440,"Alannah Myles",3,"1989-03-14",10,0.754,0.366,8,-10.07,1,0.0312,0.273,9.04e-05,0.106,0.469,91.147,4
418,"0F1O42piteiHP3dRvKUz6p","David Bowie","Let's Dance - Single Version [Remastered]",248586,"Legacy",1,"2016-11-11",20,0.643,0.627,8,-10.972,1,0.0405,0.00773,0.00259,0.123,0.725,114.477,4
419,"1QV6tiMFM6fSOKOGLMHYYg","Lady Gaga","Poker Face",237200,"The Fame",4,"2008-01-01",15,0.851,0.806,4,-4.62,1,0.0787,0.118,1.64e-06,0.121,0.787,118.999,4
420,"6yRraj2ghJiIcVbQ6Vb59Q","La Roux","In For The Kill",248626,"La Roux",1,"2009",12,0.629,0.969,8,-0.276,0,0.0455,0.00184,0,0.122,0.905,150.01,4
421,"2goLsvvODILDzeeiT4dAoR","Cher","Believe",239026,"Believe",1,"1998",10,0.652,0.917,6,-6.72,1,0.0548,0.0082,0,0.0509,0.459,132.975,4
422,"5xC8uOesnn0udeXAYlAnoY","Supergrass","Alright",180880,"I Should Coco",4,"1995-05-15",13,0.467,0.958,4,-4.808,0,0.0775,0.000479,0.199,0.299,0.701,145.92,4
423,"7L3b6iaVhDVjfo52Hbvh9Z","Stevie Nicks","Edge of Seventeen - 2016 Remaster",329413,"Bella Donna (2016 Remastered)",6,"1981-07-27",10,0.591,0.804,0,-7.299,1,0.0454,0.327,5.98e-06,0.0818,0.658,111.457,4
424,"7qtAgn9mwxygsPOsUDVRRt","Destiny's Child","Survivor",254040,"Survivor",2,"2001-01-01",18,0.524,0.904,8,-2.071,1,0.398,0.0533,0,0.776,0.655,161.188,4
425,"6yZv0Nl6BXABbXoPVpfF5y","ABBA","SOS",202386,"Abba",4,"1975",13,0.415,0.713,5,-5.55,1,0.0278,0.251,0.00197,0.289,0.579,125.056,4
426,"762B4bOcXF7I2Y8UlKTyTy","ABBA","Chiquitita",326320,"Voulez-Vous",8,"1979",13,0.5,0.554,9,-8.108,1,0.0354,0.734,3.72e-06,0.312,0.372,84.229,4
427,"3cfOd4CMv2snFaKAnMdnvK","Smash Mouth","All Star",200373,"Astro Lounge",5,"1999-06-08",15,0.731,0.867,11,-5.881,1,0.032,0.0395,0,0.0861,0.776,104.019,4
428,"08GOw3NsrJ0LsCCeyqzt3b","ABBA","Thank You For The Music",229453,"The Album",7,"1977",10,0.283,0.417,4,-9.124,1,0.0404,0.835,0,0.102,0.373,201.145,4
429,"0lj15qHIbi7gsO6CLfWbvF","Dexys Midnight Runners","Come On Eileen",273933,"Too Rye Ay",10,"1982-08-01",18,0.435,0.652,0,-8.495,1,0.0404,0.519,0,0.129,0.806,108.098,4
430,"4wNATViXFXHOKsGgEehnBT","The Undertones","Teenage Kicks",148480,"The Anthology",11,"1979",56,0.415,0.782,2,-6.745,1,0.0461,0.0011,0,0.14,0.564,135.029,4
431,"6gJdDnF2TzfA1WPMXuCa3x","Tina Turner","Proud Mary",327400,"What's Love Got to Do with It?",7,"1993",12,0.397,0.499,2,-10.972,1,0.0685,0.0766,1.55e-06,0.111,0.367,171.067,4
432,"4aGVpNl4csfQ2W1i4Ao40q","The Nolans","I'm in the Mood for Dancing",198600,"Altogether",1,"1982",14,0.451,0.73,9,-9.828,1,0.0483,0.373,4.4e-06,0.439,0.879,210.654,4
433,"45hOioMDJktr86iKDHC8gr","Avril Lavigne","Girlfriend",216600,"The Best Damn Thing (Expanded Edition)",1,"2007-04-17",17,0.56,0.959,7,-2.433,1,0.102,0.000722,0.000221,0.209,0.669,163.983,4
434,"6ACPfkfDfJfGGE4oKfbiRY","Paolo Nutini","Pencil Full of Lead",146733,"Sunny Side Up",6,"2009-05-29",12,0.735,0.767,7,-6.536,1,0.116,0.324,0,0.146,0.833,106.132,4
435,"17OqI90oTFZ3J8PVu6j07V","ABBA","Voulez-Vous",309173,"Voulez-Vous",2,"1979",13,0.708,0.774,11,-6.931,0,0.0372,0.149,0.00109,0.169,0.903,126.636,4
436,"0MHXrqn909p0LRTPsNsGEi","Curtis Mayfield","Move on Up",165789,"Move on Up",1,"1970",1,0.538,0.969,11,-5.626,0,0.0906,0.417,0.00154,0.119,0.928,138.652,4
437,"1y4eb6hmAvsqlDOl3fx9kk","Katy Perry","Hot N Cold",220226,"One Of The Boys",7,"2008-06-17",12,0.706,0.841,7,-3.956,1,0.0418,7.95e-05,0,0.0688,0.861,132.032,4
438,"5q4l9EBUjYJ8tzpkVm3kRN","The Wannadies","You And Me Song",169773,"Be A Girl",1,"1994-01-01",11,0.325,0.386,2,-8.231,1,0.0387,0.00728,0,0.0732,0.269,144.83,4
439,"4XJgkeu052kEf1AIfXDlHQ","McFly","Star Girl",207506,"Motion In The Ocean",2,"2006-01-01",11,0.481,0.662,3,-3.957,1,0.0311,0.00255,0,0.0622,0.764,156.2,4
440,"1lDo24S34NvI1pAg7Oxldc","ABBA","The Name Of The Game",291866,"The Album",4,"1977",10,0.656,0.565,9,-8.722,1,0.0301,0.357,0.000192,0.0629,0.615,77.049,4
441,"0BxfFnk0YzONqvmrkO0QrB","The Pussycat Dolls","Don't Cha",272080,"PCD",1,"2005-01-01",14,0.875,0.631,1,-3.475,1,0.099,0.00542,2.54e-06,0.127,0.549,120.003,4
442,"3aw9iWUQ3VrPQltgwvN9Xu","Mary J. Blige","Family Affair",265866,"No More Drama",2,"2001-01-01",17,0.911,0.551,8,-3.75,0,0.0449,0.132,4.12e-05,0.0863,0.969,92.887,4
443,"0JiY190vktuhSGN6aqJdrt","P!nk","So What",215160,"Funhouse (Expanded Edition)",1,"2008-10-24",14,0.534,0.87,11,-3.078,0,0.0425,0.000334,0,0.241,0.462,126.019,4
444,"7o7E1nrHWncYY7PY94gCiX","The Buggles","Video Killed The Radio Star",252773,"The Age Of Plastic",2,"1980-01-10",11,0.68,0.678,1,-11.548,1,0.0754,0.103,0.00828,0.204,0.251,131.165,4
445,"7x8dCjCr0x6x2lXKujYD34","Foo Fighters","The Pretender",269373,"Echoes, Silence, Patience & Grace",1,"2007-09-25",12,0.433,0.959,9,-4.04,1,0.0431,0.000917,0,0.028,0.365,172.984,4
446,"5wD6de7Fz1QfxVNkv1SEy7","Lily Allen","LDN",190773,"Alright, Still (Deluxe)",3,"2006-07-14",19,0.675,0.631,5,-7.56,1,0.0261,0.0147,4.39e-06,0.379,0.917,100.027,4
447,"1vqk04aT50lCcrP3eLCYEc","Lily Allen","The Fear",207120,"It's Not Me, It's You (Special Edition)",2,"2009-11-16",23,0.661,0.847,10,-6.948,1,0.0404,0.419,8.82e-05,0.107,0.522,134.002,4
448,"6jyXQ8HGI7ikECGA0670uo","Sharpay Evans","Fabulous",180693,"High School Musical 2 (Original Soundtrack)",2,"2007-01-01",11,0.827,0.761,8,-5.185,1,0.138,0.233,0,0.0453,0.703,131.996,4
449,"5sTC1imYc0QzNe3i5snLy7","High School Musical Cast","I Want It All",277306,"High School Musical 3: Senior Year",3,"2008-01-01",13,0.791,0.813,6,-3.444,1,0.139,0.179,0,0.0549,0.913,142.876,4
450,"2E87kSsZd4oSfFOAXNGISJ","Sharpay Evans","HUMUHUMUNUKUNUKUAPUA'A",188160,"High School Musical 2 (Original Soundtrack)",11,"2007-01-01",11,0.733,0.856,1,-6.071,0,0.224,0.239,0,0.344,0.78,170.014,4
451,"7kyMLaXepcGHIrsLqoiTB8","Gina G","Ooh Aah...Just a Little Bit - Motiv8 Radio Edit",203120,"Fresh",1,"1997-03-24",12,0.647,0.942,1,-7.101,1,0.0341,0.626,0.168,0.0411,0.937,130.978,4
452,"5e3UWcbvTaF5CJWu81MqlQ","Ross Lynch","Cruisin' for a Bruisin' - From ""Teen Beach Movie""",195733,"Teen Beach Movie",3,"2013-01-01",15,0.585,0.911,11,-4.623,1,0.119,0.0263,0,0.112,0.781,163.933,4
453,"0oo5zVjH4CyTsm5FctRlnL","Ashley Tisdale","What I've Been Looking For",125493,"High School Musical The Concert",7,"2007-01-01",14,0.615,0.898,9,-5.85,1,0.0416,0.0971,0,0.758,0.485,140.117,4
454,"0AWkeJQmQO2VRfsVV89ym6","Vengaboys","We're Going To Ibiza! - Armin van Blizzard mix",218360,"Xmas Party Album!",6,"2014-11-27",8,0.791,0.713,1,-9.284,1,0.0404,0.0181,0.0673,0.237,0.937,103.98,4
455,"0pVckwSpyc30WvDUffQLk3","Ashley Tisdale","Bop to the Top",149026,"High School Musical The Concert",8,"2007-01-01",14,0.576,0.96,7,-4.456,0,0.0879,0.0934,1.57e-06,0.864,0.796,114.553,4
456,"2OsqzlVFiUGbbYwIPTKTSW","JLS","Everybody in Love",195093,"JLS",2,"2009-11-06",13,0.716,0.745,5,-6.984,0,0.0328,0.0638,0,0.364,0.695,139.978,4
457,"1xEBuGcACfOm0mfmK6cp4D","Busted","Air Hostess",237760,"A Present For Everyone",1,"2003-01-01",12,0.409,0.963,2,-4.052,1,0.12,0.0133,0,0.0894,0.378,186.103,4
458,"5x5JM1BSB6vollcIzDocqT","Miley Cyrus","The Climb",234520,"The Time Of Our Lives (International Version)",8,"2009-01-01",8,0.336,0.602,4,-6.354,1,0.0325,0.0635,0,0.141,0.299,161.01,4
459,"1d6KS9GH06JAd19uiBy9IE","Alanis Morissette","Ironic - 2015 Remaster",230000,"Jagged Little Pill (2015 Remaster)",10,"1995",13,0.408,0.582,11,-8.305,1,0.0508,0.218,0,0.159,0.365,114.926,5
460,"7mWdQmeasG17YG0ygCZoNT","The Commitments","Mustang Sally",240906,"The Best Of The Commitments",1,"1996-07-15",18,0.744,0.738,0,-10.771,1,0.0581,0.0111,0,0.0652,0.905,115.077,4
461,"1IPRqw2UOJbOPrUhUd49IN","Robbie Williams","Kids",260026,"Light Years",14,"2000-09-25",24,0.534,0.872,2,-4.92,1,0.272,0.00761,0,0.531,0.425,184.62,4
462,"6iruAMFiEbEqwUlugKZxAo","Alexandra Stan","Mr. Saxobeat",193241,"Marathon 2013",43,"2013-01-01",86,0.717,0.913,11,-4.605,0,0.0641,0.0341,0.000177,0.109,0.752,127.024,4
463,"43IfkeLkx9vbmDgTz47pra","Christina Aguilera","Ain't No Other Man",228626,"Keeps Gettin' Better: A Decade Of Hits",8,"2009-10-06",14,0.856,0.721,7,-5.585,1,0.205,0.00341,0.00561,0.133,0.501,127.953,4
464,"6kQz6t5z1FK4uohPh8Kd73","Jennifer Lopez","Let's Get Loud",238226,"On The 6",5,"1999-04-20",14,0.82,0.937,5,-4.81,0,0.0542,0.139,7.51e-05,0.325,0.922,131.006,4
